City,Timestamp,Temperature,Humidity,Description
Mumbai,2023-12-21 15:00:00,302.14,48,scattered clouds
Mumbai,2023-12-21 18:00:00,301.3,52,broken clouds
Mumbai,2023-12-21 21:00:00,300.31,56,broken clouds
Mumbai,2023-12-22 00:00:00,298.94,56,overcast clouds
Mumbai,2023-12-22 03:00:00,299.31,50,overcast clouds
Mumbai,2023-12-22 06:00:00,300.67,46,overcast clouds
Mumbai,2023-12-22 09:00:00,301.13,50,overcast clouds
Mumbai,2023-12-22 12:00:00,300.78,56,overcast clouds
Mumbai,2023-12-22 15:00:00,299.75,59,overcast clouds
Mumbai,2023-12-22 18:00:00,299.3,62,overcast clouds
Mumbai,2023-12-22 21:00:00,298.71,62,overcast clouds
Mumbai,2023-12-23 00:00:00,298.1,55,overcast clouds
Mumbai,2023-12-23 03:00:00,298.36,47,overcast clouds
Mumbai,2023-12-23 06:00:00,300.96,38,broken clouds
Mumbai,2023-12-23 09:00:00,301.82,45,broken clouds
Mumbai,2023-12-23 12:00:00,300.45,55,broken clouds
Mumbai,2023-12-23 15:00:00,299.74,58,broken clouds
Mumbai,2023-12-23 18:00:00,299.41,55,broken clouds
Mumbai,2023-12-23 21:00:00,298.89,51,overcast clouds
Mumbai,2023-12-24 00:00:00,298.42,45,overcast clouds
Mumbai,2023-12-24 03:00:00,298.92,42,clear sky
Mumbai,2023-12-24 06:00:00,301.96,40,clear sky
Mumbai,2023-12-24 09:00:00,302.73,37,broken clouds
Mumbai,2023-12-24 12:00:00,300.78,53,broken clouds
Mumbai,2023-12-24 15:00:00,300.16,56,overcast clouds
Mumbai,2023-12-24 18:00:00,299.86,52,overcast clouds
Mumbai,2023-12-24 21:00:00,299.38,48,overcast clouds
Mumbai,2023-12-25 00:00:00,298.57,47,broken clouds
Mumbai,2023-12-25 03:00:00,298.96,45,scattered clouds
Mumbai,2023-12-25 06:00:00,302.0,43,few clouds
Mumbai,2023-12-25 09:00:00,303.02,41,clear sky
Mumbai,2023-12-25 12:00:00,300.91,55,clear sky
Mumbai,2023-12-25 15:00:00,299.94,60,clear sky
Mumbai,2023-12-25 18:00:00,299.55,59,clear sky
Mumbai,2023-12-25 21:00:00,298.95,54,clear sky
Mumbai,2023-12-26 00:00:00,298.44,51,clear sky
Mumbai,2023-12-26 03:00:00,298.91,46,clear sky
Mumbai,2023-12-26 06:00:00,302.14,45,clear sky
Mumbai,2023-12-26 09:00:00,302.54,42,clear sky
Mumbai,2023-12-26 12:00:00,300.63,57,clear sky
Delhi,2023-12-21 15:00:00,289.2,67,few clouds
Delhi,2023-12-21 18:00:00,289.58,50,few clouds
Delhi,2023-12-21 21:00:00,289.09,35,scattered clouds
Delhi,2023-12-22 00:00:00,287.85,20,few clouds
Delhi,2023-12-22 03:00:00,288.35,20,few clouds
Delhi,2023-12-22 06:00:00,293.66,14,scattered clouds
Delhi,2023-12-22 09:00:00,295.97,12,overcast clouds
Delhi,2023-12-22 12:00:00,294.0,13,overcast clouds
Delhi,2023-12-22 15:00:00,292.72,15,overcast clouds
Delhi,2023-12-22 18:00:00,290.91,18,broken clouds
Delhi,2023-12-22 21:00:00,289.54,20,clear sky
Delhi,2023-12-23 00:00:00,288.61,20,few clouds
Delhi,2023-12-23 03:00:00,289.8,20,broken clouds
Delhi,2023-12-23 06:00:00,294.44,17,broken clouds
Delhi,2023-12-23 09:00:00,296.95,16,scattered clouds
Delhi,2023-12-23 12:00:00,295.11,19,scattered clouds
Delhi,2023-12-23 15:00:00,293.22,21,clear sky
Delhi,2023-12-23 18:00:00,291.75,25,clear sky
Delhi,2023-12-23 21:00:00,290.64,26,clear sky
Delhi,2023-12-24 00:00:00,289.62,27,clear sky
Delhi,2023-12-24 03:00:00,290.42,26,clear sky
Delhi,2023-12-24 06:00:00,295.55,18,clear sky
Delhi,2023-12-24 09:00:00,298.26,16,clear sky
Delhi,2023-12-24 12:00:00,296.27,21,few clouds
Delhi,2023-12-24 15:00:00,294.14,25,few clouds
Delhi,2023-12-24 18:00:00,292.48,31,few clouds
Delhi,2023-12-24 21:00:00,291.03,35,clear sky
Delhi,2023-12-25 00:00:00,289.96,35,clear sky
Delhi,2023-12-25 03:00:00,290.38,35,clear sky
Delhi,2023-12-25 06:00:00,295.74,24,clear sky
Delhi,2023-12-25 09:00:00,298.89,19,clear sky
Delhi,2023-12-25 12:00:00,296.6,21,clear sky
Delhi,2023-12-25 15:00:00,294.04,25,clear sky
Delhi,2023-12-25 18:00:00,292.3,25,clear sky
Delhi,2023-12-25 21:00:00,291.0,26,scattered clouds
Delhi,2023-12-26 00:00:00,289.97,27,scattered clouds
Delhi,2023-12-26 03:00:00,290.48,27,few clouds
Delhi,2023-12-26 06:00:00,295.59,20,clear sky
Delhi,2023-12-26 09:00:00,298.27,17,clear sky
Delhi,2023-12-26 12:00:00,296.38,20,few clouds
Kolkata,2023-12-21 15:00:00,293.12,73,few clouds
Kolkata,2023-12-21 18:00:00,292.89,65,few clouds
Kolkata,2023-12-21 21:00:00,291.75,61,scattered clouds
Kolkata,2023-12-22 00:00:00,290.14,58,scattered clouds
Kolkata,2023-12-22 03:00:00,294.22,46,few clouds
Kolkata,2023-12-22 06:00:00,298.72,36,scattered clouds
Kolkata,2023-12-22 09:00:00,300.21,31,broken clouds
Kolkata,2023-12-22 12:00:00,296.9,39,scattered clouds
Kolkata,2023-12-22 15:00:00,295.07,45,scattered clouds
Kolkata,2023-12-22 18:00:00,293.5,51,scattered clouds
Kolkata,2023-12-22 21:00:00,292.24,59,clear sky
Kolkata,2023-12-23 00:00:00,291.56,65,scattered clouds
Kolkata,2023-12-23 03:00:00,295.5,52,broken clouds
Kolkata,2023-12-23 06:00:00,299.68,39,broken clouds
Kolkata,2023-12-23 09:00:00,301.15,35,broken clouds
Kolkata,2023-12-23 12:00:00,298.08,42,broken clouds
Kolkata,2023-12-23 15:00:00,295.91,49,overcast clouds
Kolkata,2023-12-23 18:00:00,294.35,55,overcast clouds
Kolkata,2023-12-23 21:00:00,293.0,62,broken clouds
Kolkata,2023-12-24 00:00:00,291.94,67,scattered clouds
Kolkata,2023-12-24 03:00:00,295.54,54,broken clouds
Kolkata,2023-12-24 06:00:00,299.91,40,scattered clouds
Kolkata,2023-12-24 09:00:00,301.73,33,clear sky
Kolkata,2023-12-24 12:00:00,298.43,41,clear sky
Kolkata,2023-12-24 15:00:00,296.27,48,clear sky
Kolkata,2023-12-24 18:00:00,294.69,53,clear sky
Kolkata,2023-12-24 21:00:00,293.46,57,clear sky
Kolkata,2023-12-25 00:00:00,292.29,61,clear sky
Kolkata,2023-12-25 03:00:00,296.07,49,clear sky
Kolkata,2023-12-25 06:00:00,300.53,35,clear sky
Kolkata,2023-12-25 09:00:00,302.01,29,clear sky
Kolkata,2023-12-25 12:00:00,298.2,36,clear sky
Kolkata,2023-12-25 15:00:00,296.16,42,clear sky
Kolkata,2023-12-25 18:00:00,294.67,46,clear sky
Kolkata,2023-12-25 21:00:00,293.3,50,clear sky
Kolkata,2023-12-26 00:00:00,292.06,56,clear sky
Kolkata,2023-12-26 03:00:00,296.05,47,clear sky
Kolkata,2023-12-26 06:00:00,300.63,33,clear sky
Kolkata,2023-12-26 09:00:00,301.79,26,clear sky
Kolkata,2023-12-26 12:00:00,297.86,35,clear sky
Chennai,2023-12-21 15:00:00,299.14,78,scattered clouds
Chennai,2023-12-21 18:00:00,298.55,75,scattered clouds
Chennai,2023-12-21 21:00:00,297.93,72,broken clouds
Chennai,2023-12-22 00:00:00,296.72,71,scattered clouds
Chennai,2023-12-22 03:00:00,297.88,69,scattered clouds
Chennai,2023-12-22 06:00:00,299.16,63,broken clouds
Chennai,2023-12-22 09:00:00,299.22,62,overcast clouds
Chennai,2023-12-22 12:00:00,297.75,68,overcast clouds
Chennai,2023-12-22 15:00:00,297.25,69,overcast clouds
Chennai,2023-12-22 18:00:00,296.79,72,overcast clouds
Chennai,2023-12-22 21:00:00,296.33,73,overcast clouds
Chennai,2023-12-23 00:00:00,296.08,74,overcast clouds
Chennai,2023-12-23 03:00:00,297.89,67,overcast clouds
Chennai,2023-12-23 06:00:00,299.34,61,overcast clouds
Chennai,2023-12-23 09:00:00,299.09,62,overcast clouds
Chennai,2023-12-23 12:00:00,297.97,68,overcast clouds
Chennai,2023-12-23 15:00:00,297.59,70,overcast clouds
Chennai,2023-12-23 18:00:00,297.07,72,overcast clouds
Chennai,2023-12-23 21:00:00,297.58,68,overcast clouds
Chennai,2023-12-24 00:00:00,296.42,74,broken clouds
Chennai,2023-12-24 03:00:00,297.73,74,scattered clouds
Chennai,2023-12-24 06:00:00,300.03,67,scattered clouds
Chennai,2023-12-24 09:00:00,299.71,69,overcast clouds
Chennai,2023-12-24 12:00:00,298.72,74,overcast clouds
Chennai,2023-12-24 15:00:00,298.3,78,broken clouds
Chennai,2023-12-24 18:00:00,298.26,79,broken clouds
Chennai,2023-12-24 21:00:00,297.94,81,overcast clouds
Chennai,2023-12-25 00:00:00,297.76,82,overcast clouds
Chennai,2023-12-25 03:00:00,298.18,81,light rain
Chennai,2023-12-25 06:00:00,300.04,75,light rain
Chennai,2023-12-25 09:00:00,300.28,72,light rain
Chennai,2023-12-25 12:00:00,299.06,75,scattered clouds
Chennai,2023-12-25 15:00:00,298.32,76,broken clouds
Chennai,2023-12-25 18:00:00,297.89,78,broken clouds
Chennai,2023-12-25 21:00:00,297.56,79,broken clouds
Chennai,2023-12-26 00:00:00,297.35,78,broken clouds
Chennai,2023-12-26 03:00:00,297.12,79,overcast clouds
Chennai,2023-12-26 06:00:00,299.46,70,overcast clouds
Chennai,2023-12-26 09:00:00,300.48,61,overcast clouds
Chennai,2023-12-26 12:00:00,298.93,70,broken clouds
Bengaluru,2023-12-21 15:00:00,295.95,78,few clouds
Bengaluru,2023-12-21 18:00:00,294.56,82,scattered clouds
Bengaluru,2023-12-21 21:00:00,292.38,88,broken clouds
Bengaluru,2023-12-22 00:00:00,290.02,93,overcast clouds
Bengaluru,2023-12-22 03:00:00,292.43,79,overcast clouds
Bengaluru,2023-12-22 06:00:00,296.65,58,overcast clouds
Bengaluru,2023-12-22 09:00:00,299.97,42,broken clouds
Bengaluru,2023-12-22 12:00:00,297.83,50,broken clouds
Bengaluru,2023-12-22 15:00:00,293.89,63,broken clouds
Bengaluru,2023-12-22 18:00:00,291.15,79,broken clouds
Bengaluru,2023-12-22 21:00:00,289.99,85,broken clouds
Bengaluru,2023-12-23 00:00:00,289.3,88,overcast clouds
Bengaluru,2023-12-23 03:00:00,291.87,73,overcast clouds
Bengaluru,2023-12-23 06:00:00,298.17,33,overcast clouds
Bengaluru,2023-12-23 09:00:00,299.96,25,broken clouds
Bengaluru,2023-12-23 12:00:00,296.04,39,broken clouds
Bengaluru,2023-12-23 15:00:00,291.57,63,few clouds
Bengaluru,2023-12-23 18:00:00,289.58,82,few clouds
Bengaluru,2023-12-23 21:00:00,288.24,89,scattered clouds
Bengaluru,2023-12-24 00:00:00,287.4,88,broken clouds
Bengaluru,2023-12-24 03:00:00,291.57,57,few clouds
Bengaluru,2023-12-24 06:00:00,298.35,29,scattered clouds
Bengaluru,2023-12-24 09:00:00,299.95,35,scattered clouds
Bengaluru,2023-12-24 12:00:00,297.06,54,scattered clouds
Bengaluru,2023-12-24 15:00:00,293.42,75,broken clouds
Bengaluru,2023-12-24 18:00:00,291.73,88,scattered clouds
Bengaluru,2023-12-24 21:00:00,290.84,91,few clouds
Bengaluru,2023-12-25 00:00:00,291.02,89,scattered clouds
Bengaluru,2023-12-25 03:00:00,293.81,78,broken clouds
Bengaluru,2023-12-25 06:00:00,298.41,58,broken clouds
Bengaluru,2023-12-25 09:00:00,300.99,43,broken clouds
Bengaluru,2023-12-25 12:00:00,298.08,54,broken clouds
Bengaluru,2023-12-25 15:00:00,293.72,77,scattered clouds
Bengaluru,2023-12-25 18:00:00,291.6,90,scattered clouds
Bengaluru,2023-12-25 21:00:00,290.23,93,few clouds
Bengaluru,2023-12-26 00:00:00,289.26,91,scattered clouds
Bengaluru,2023-12-26 03:00:00,293.01,60,few clouds
Bengaluru,2023-12-26 06:00:00,299.22,26,scattered clouds
Bengaluru,2023-12-26 09:00:00,301.08,22,broken clouds
Bengaluru,2023-12-26 12:00:00,297.65,33,scattered clouds
Hyderabad,2023-12-21 15:00:00,292.38,52,few clouds
Hyderabad,2023-12-21 18:00:00,292.22,46,scattered clouds
Hyderabad,2023-12-21 21:00:00,291.51,41,broken clouds
Hyderabad,2023-12-22 00:00:00,290.48,38,overcast clouds
Hyderabad,2023-12-22 03:00:00,292.91,38,broken clouds
Hyderabad,2023-12-22 06:00:00,298.92,28,broken clouds
Hyderabad,2023-12-22 09:00:00,301.42,25,broken clouds
Hyderabad,2023-12-22 12:00:00,298.18,38,overcast clouds
Hyderabad,2023-12-22 15:00:00,294.72,54,overcast clouds
Hyderabad,2023-12-22 18:00:00,292.65,68,overcast clouds
Hyderabad,2023-12-22 21:00:00,291.76,75,overcast clouds
Hyderabad,2023-12-23 00:00:00,291.03,80,overcast clouds
Hyderabad,2023-12-23 03:00:00,293.5,69,overcast clouds
Hyderabad,2023-12-23 06:00:00,298.71,44,overcast clouds
Hyderabad,2023-12-23 09:00:00,300.73,36,overcast clouds
Hyderabad,2023-12-23 12:00:00,297.69,46,broken clouds
Hyderabad,2023-12-23 15:00:00,294.03,61,clear sky
Hyderabad,2023-12-23 18:00:00,292.19,75,clear sky
Hyderabad,2023-12-23 21:00:00,291.25,80,clear sky
Hyderabad,2023-12-24 00:00:00,290.49,82,clear sky
Hyderabad,2023-12-24 03:00:00,293.56,70,clear sky
Hyderabad,2023-12-24 06:00:00,299.81,40,clear sky
Hyderabad,2023-12-24 09:00:00,302.16,32,clear sky
Hyderabad,2023-12-24 12:00:00,298.98,41,few clouds
Hyderabad,2023-12-24 15:00:00,295.37,53,few clouds
Hyderabad,2023-12-24 18:00:00,293.39,65,clear sky
Hyderabad,2023-12-24 21:00:00,292.14,72,clear sky
Hyderabad,2023-12-25 00:00:00,291.34,75,scattered clouds
Hyderabad,2023-12-25 03:00:00,294.42,64,broken clouds
Hyderabad,2023-12-25 06:00:00,300.38,38,scattered clouds
Hyderabad,2023-12-25 09:00:00,302.82,29,clear sky
Hyderabad,2023-12-25 12:00:00,299.57,38,clear sky
Hyderabad,2023-12-25 15:00:00,295.7,50,clear sky
Hyderabad,2023-12-25 18:00:00,293.83,59,clear sky
Hyderabad,2023-12-25 21:00:00,292.75,66,clear sky
Hyderabad,2023-12-26 00:00:00,291.86,69,clear sky
Hyderabad,2023-12-26 03:00:00,295.14,56,clear sky
Hyderabad,2023-12-26 06:00:00,300.78,35,clear sky
Hyderabad,2023-12-26 09:00:00,302.86,27,clear sky
Hyderabad,2023-12-26 12:00:00,299.83,35,clear sky
Ahmedabad,2023-12-21 15:00:00,294.17,49,few clouds
Ahmedabad,2023-12-21 18:00:00,294.39,40,scattered clouds
Ahmedabad,2023-12-21 21:00:00,293.92,33,broken clouds
Ahmedabad,2023-12-22 00:00:00,292.91,27,overcast clouds
Ahmedabad,2023-12-22 03:00:00,293.48,28,overcast clouds
Ahmedabad,2023-12-22 06:00:00,300.26,19,overcast clouds
Ahmedabad,2023-12-22 09:00:00,303.03,16,overcast clouds
Ahmedabad,2023-12-22 12:00:00,300.43,21,overcast clouds
Ahmedabad,2023-12-22 15:00:00,296.77,23,broken clouds
Ahmedabad,2023-12-22 18:00:00,295.01,23,scattered clouds
Ahmedabad,2023-12-22 21:00:00,293.7,25,clear sky
Ahmedabad,2023-12-23 00:00:00,292.48,29,clear sky
Ahmedabad,2023-12-23 03:00:00,293.41,31,clear sky
Ahmedabad,2023-12-23 06:00:00,300.96,20,clear sky
Ahmedabad,2023-12-23 09:00:00,304.16,17,clear sky
Ahmedabad,2023-12-23 12:00:00,301.52,22,clear sky
Ahmedabad,2023-12-23 15:00:00,297.58,24,clear sky
Ahmedabad,2023-12-23 18:00:00,295.59,26,clear sky
Ahmedabad,2023-12-23 21:00:00,293.91,29,clear sky
Ahmedabad,2023-12-24 00:00:00,292.69,30,clear sky
Ahmedabad,2023-12-24 03:00:00,293.6,30,clear sky
Ahmedabad,2023-12-24 06:00:00,301.33,20,clear sky
Ahmedabad,2023-12-24 09:00:00,304.54,17,clear sky
Ahmedabad,2023-12-24 12:00:00,301.74,22,clear sky
Ahmedabad,2023-12-24 15:00:00,297.73,26,clear sky
Ahmedabad,2023-12-24 18:00:00,295.78,27,clear sky
Ahmedabad,2023-12-24 21:00:00,293.97,31,clear sky
Ahmedabad,2023-12-25 00:00:00,292.74,33,clear sky
Ahmedabad,2023-12-25 03:00:00,293.58,33,clear sky
Ahmedabad,2023-12-25 06:00:00,301.53,21,clear sky
Ahmedabad,2023-12-25 09:00:00,304.75,17,clear sky
Ahmedabad,2023-12-25 12:00:00,302.07,23,clear sky
Ahmedabad,2023-12-25 15:00:00,297.75,28,clear sky
Ahmedabad,2023-12-25 18:00:00,295.46,31,clear sky
Ahmedabad,2023-12-25 21:00:00,293.96,34,clear sky
Ahmedabad,2023-12-26 00:00:00,292.84,35,clear sky
Ahmedabad,2023-12-26 03:00:00,293.8,35,clear sky
Ahmedabad,2023-12-26 06:00:00,301.55,22,clear sky
Ahmedabad,2023-12-26 09:00:00,304.55,18,clear sky
Ahmedabad,2023-12-26 12:00:00,302.16,22,clear sky
Pune,2023-12-21 15:00:00,297.34,37,overcast clouds
Pune,2023-12-21 18:00:00,296.7,39,overcast clouds
Pune,2023-12-21 21:00:00,295.77,38,overcast clouds
Pune,2023-12-22 00:00:00,292.53,41,overcast clouds
Pune,2023-12-22 03:00:00,294.75,36,overcast clouds
Pune,2023-12-22 06:00:00,300.54,26,overcast clouds
Pune,2023-12-22 09:00:00,302.6,24,overcast clouds
Pune,2023-12-22 12:00:00,300.22,30,overcast clouds
Pune,2023-12-22 15:00:00,296.81,31,overcast clouds
Pune,2023-12-22 18:00:00,294.8,32,overcast clouds
Pune,2023-12-22 21:00:00,293.0,34,broken clouds
Pune,2023-12-23 00:00:00,291.65,34,broken clouds
Pune,2023-12-23 03:00:00,294.65,30,overcast clouds
Pune,2023-12-23 06:00:00,301.27,19,broken clouds
Pune,2023-12-23 09:00:00,304.18,16,scattered clouds
Pune,2023-12-23 12:00:00,301.15,22,broken clouds
Pune,2023-12-23 15:00:00,296.75,25,overcast clouds
Pune,2023-12-23 18:00:00,294.49,28,overcast clouds
Pune,2023-12-23 21:00:00,292.83,31,scattered clouds
Pune,2023-12-24 00:00:00,291.54,36,broken clouds
Pune,2023-12-24 03:00:00,294.1,38,few clouds
Pune,2023-12-24 06:00:00,301.22,28,clear sky
Pune,2023-12-24 09:00:00,303.64,24,overcast clouds
Pune,2023-12-24 12:00:00,301.17,31,broken clouds
Pune,2023-12-24 15:00:00,296.89,38,overcast clouds
Pune,2023-12-24 18:00:00,294.92,42,overcast clouds
Pune,2023-12-24 21:00:00,293.21,45,broken clouds
Pune,2023-12-25 00:00:00,292.41,45,broken clouds
Pune,2023-12-25 03:00:00,294.92,41,few clouds
Pune,2023-12-25 06:00:00,301.75,27,clear sky
Pune,2023-12-25 09:00:00,304.31,22,clear sky
Pune,2023-12-25 12:00:00,301.86,27,clear sky
Pune,2023-12-25 15:00:00,297.11,31,clear sky
Pune,2023-12-25 18:00:00,295.04,35,clear sky
Pune,2023-12-25 21:00:00,293.24,38,clear sky
Pune,2023-12-26 00:00:00,291.9,40,clear sky
Pune,2023-12-26 03:00:00,295.22,35,clear sky
Pune,2023-12-26 06:00:00,301.83,25,clear sky
Pune,2023-12-26 09:00:00,304.35,20,clear sky
Pune,2023-12-26 12:00:00,301.98,25,clear sky
Surat,2023-12-21 15:00:00,297.14,46,broken clouds
Surat,2023-12-21 18:00:00,297.25,40,broken clouds
Surat,2023-12-21 21:00:00,297.09,34,overcast clouds
Surat,2023-12-22 00:00:00,296.58,29,overcast clouds
Surat,2023-12-22 03:00:00,297.16,30,overcast clouds
Surat,2023-12-22 06:00:00,301.9,23,overcast clouds
Surat,2023-12-22 09:00:00,304.12,22,overcast clouds
Surat,2023-12-22 12:00:00,300.02,36,overcast clouds
Surat,2023-12-22 15:00:00,298.07,40,overcast clouds
Surat,2023-12-22 18:00:00,297.06,34,broken clouds
Surat,2023-12-22 21:00:00,296.05,34,overcast clouds
Surat,2023-12-23 00:00:00,295.05,34,overcast clouds
Surat,2023-12-23 03:00:00,296.41,32,scattered clouds
Surat,2023-12-23 06:00:00,303.02,24,scattered clouds
Surat,2023-12-23 09:00:00,305.06,25,clear sky
Surat,2023-12-23 12:00:00,301.71,35,clear sky
Surat,2023-12-23 15:00:00,299.09,35,clear sky
Surat,2023-12-23 18:00:00,297.52,34,clear sky
Surat,2023-12-23 21:00:00,296.2,34,clear sky
Surat,2023-12-24 00:00:00,295.21,36,clear sky
Surat,2023-12-24 03:00:00,296.48,36,clear sky
Surat,2023-12-24 06:00:00,304.04,25,clear sky
Surat,2023-12-24 09:00:00,306.36,23,clear sky
Surat,2023-12-24 12:00:00,302.87,34,clear sky
Surat,2023-12-24 15:00:00,299.56,34,clear sky
Surat,2023-12-24 18:00:00,297.79,33,clear sky
Surat,2023-12-24 21:00:00,296.47,35,clear sky
Surat,2023-12-25 00:00:00,295.47,36,clear sky
Surat,2023-12-25 03:00:00,296.51,36,clear sky
Surat,2023-12-25 06:00:00,303.96,26,clear sky
Surat,2023-12-25 09:00:00,305.97,26,clear sky
Surat,2023-12-25 12:00:00,302.6,35,clear sky
Surat,2023-12-25 15:00:00,299.5,34,clear sky
Surat,2023-12-25 18:00:00,297.35,36,clear sky
Surat,2023-12-25 21:00:00,296.04,37,clear sky
Surat,2023-12-26 00:00:00,295.02,38,clear sky
Surat,2023-12-26 03:00:00,296.21,36,clear sky
Surat,2023-12-26 06:00:00,303.66,26,clear sky
Surat,2023-12-26 09:00:00,305.5,26,clear sky
Surat,2023-12-26 12:00:00,301.49,37,clear sky
Jaipur,2023-12-21 15:00:00,290.77,42,scattered clouds
Jaipur,2023-12-21 18:00:00,289.43,37,broken clouds
Jaipur,2023-12-21 21:00:00,287.16,34,scattered clouds
Jaipur,2023-12-22 00:00:00,285.04,31,few clouds
Jaipur,2023-12-22 03:00:00,288.78,28,broken clouds
Jaipur,2023-12-22 06:00:00,294.44,18,broken clouds
Jaipur,2023-12-22 09:00:00,296.69,16,overcast clouds
Jaipur,2023-12-22 12:00:00,291.63,26,overcast clouds
Jaipur,2023-12-22 15:00:00,288.55,34,broken clouds
Jaipur,2023-12-22 18:00:00,287.97,35,broken clouds
Jaipur,2023-12-22 21:00:00,286.68,38,broken clouds
Jaipur,2023-12-23 00:00:00,286.68,36,broken clouds
Jaipur,2023-12-23 03:00:00,288.33,35,scattered clouds
Jaipur,2023-12-23 06:00:00,294.7,23,scattered clouds
Jaipur,2023-12-23 09:00:00,297.25,18,clear sky
Jaipur,2023-12-23 12:00:00,292.37,26,clear sky
Jaipur,2023-12-23 15:00:00,288.6,34,clear sky
Jaipur,2023-12-23 18:00:00,287.41,38,clear sky
Jaipur,2023-12-23 21:00:00,286.09,38,clear sky
Jaipur,2023-12-24 00:00:00,285.21,38,clear sky
Jaipur,2023-12-24 03:00:00,288.62,34,clear sky
Jaipur,2023-12-24 06:00:00,295.32,22,clear sky
Jaipur,2023-12-24 09:00:00,297.3,20,broken clouds
Jaipur,2023-12-24 12:00:00,291.85,32,broken clouds
Jaipur,2023-12-24 15:00:00,288.62,38,clear sky
Jaipur,2023-12-24 18:00:00,288.08,39,scattered clouds
Jaipur,2023-12-24 21:00:00,286.39,42,broken clouds
Jaipur,2023-12-25 00:00:00,285.85,44,broken clouds
Jaipur,2023-12-25 03:00:00,290.1,36,overcast clouds
Jaipur,2023-12-25 06:00:00,296.64,22,broken clouds
Jaipur,2023-12-25 09:00:00,298.77,19,clear sky
Jaipur,2023-12-25 12:00:00,292.93,29,clear sky
Jaipur,2023-12-25 15:00:00,289.97,33,clear sky
Jaipur,2023-12-25 18:00:00,288.03,37,clear sky
Jaipur,2023-12-25 21:00:00,287.3,37,clear sky
Jaipur,2023-12-26 00:00:00,286.94,38,clear sky
Jaipur,2023-12-26 03:00:00,290.54,37,clear sky
Jaipur,2023-12-26 06:00:00,296.96,22,clear sky
Jaipur,2023-12-26 09:00:00,299.13,18,clear sky
Jaipur,2023-12-26 12:00:00,293.64,28,clear sky
Lucknow,2023-12-21 15:00:00,287.14,82,few clouds
Lucknow,2023-12-21 18:00:00,287.11,65,scattered clouds
Lucknow,2023-12-21 21:00:00,286.67,49,broken clouds
Lucknow,2023-12-22 00:00:00,286.31,33,overcast clouds
Lucknow,2023-12-22 03:00:00,288.49,33,overcast clouds
Lucknow,2023-12-22 06:00:00,293.47,26,overcast clouds
Lucknow,2023-12-22 09:00:00,295.45,24,overcast clouds
Lucknow,2023-12-22 12:00:00,291.64,31,overcast clouds
Lucknow,2023-12-22 15:00:00,290.27,32,overcast clouds
Lucknow,2023-12-22 18:00:00,289.53,34,overcast clouds
Lucknow,2023-12-22 21:00:00,288.22,39,overcast clouds
Lucknow,2023-12-23 00:00:00,286.71,46,overcast clouds
Lucknow,2023-12-23 03:00:00,289.22,42,clear sky
Lucknow,2023-12-23 06:00:00,295.78,26,clear sky
Lucknow,2023-12-23 09:00:00,297.91,22,clear sky
Lucknow,2023-12-23 12:00:00,293.34,30,clear sky
Lucknow,2023-12-23 15:00:00,291.35,34,clear sky
Lucknow,2023-12-23 18:00:00,290.1,38,clear sky
Lucknow,2023-12-23 21:00:00,289.03,43,few clouds
Lucknow,2023-12-24 00:00:00,287.93,48,clear sky
Lucknow,2023-12-24 03:00:00,290.75,44,clear sky
Lucknow,2023-12-24 06:00:00,296.92,31,clear sky
Lucknow,2023-12-24 09:00:00,298.92,27,clear sky
Lucknow,2023-12-24 12:00:00,294.36,36,clear sky
Lucknow,2023-12-24 15:00:00,292.01,41,clear sky
Lucknow,2023-12-24 18:00:00,290.62,45,clear sky
Lucknow,2023-12-24 21:00:00,289.39,50,clear sky
Lucknow,2023-12-25 00:00:00,288.26,54,clear sky
Lucknow,2023-12-25 03:00:00,290.77,48,clear sky
Lucknow,2023-12-25 06:00:00,296.91,30,clear sky
Lucknow,2023-12-25 09:00:00,299.2,25,clear sky
Lucknow,2023-12-25 12:00:00,294.19,34,clear sky
Lucknow,2023-12-25 15:00:00,291.59,39,clear sky
Lucknow,2023-12-25 18:00:00,290.27,41,clear sky
Lucknow,2023-12-25 21:00:00,289.07,44,clear sky
Lucknow,2023-12-26 00:00:00,287.9,48,clear sky
Lucknow,2023-12-26 03:00:00,290.58,43,clear sky
Lucknow,2023-12-26 06:00:00,296.96,29,clear sky
Lucknow,2023-12-26 09:00:00,298.96,24,clear sky
Lucknow,2023-12-26 12:00:00,294.24,32,clear sky
Kanpur,2023-12-21 15:00:00,287.76,30,overcast clouds
Kanpur,2023-12-21 18:00:00,287.3,31,overcast clouds
Kanpur,2023-12-21 21:00:00,286.47,32,overcast clouds
Kanpur,2023-12-22 00:00:00,285.66,33,overcast clouds
Kanpur,2023-12-22 03:00:00,287.73,33,overcast clouds
Kanpur,2023-12-22 06:00:00,292.76,25,overcast clouds
Kanpur,2023-12-22 09:00:00,295.03,22,overcast clouds
Kanpur,2023-12-22 12:00:00,291.12,30,overcast clouds
Kanpur,2023-12-22 15:00:00,289.62,33,overcast clouds
Kanpur,2023-12-22 18:00:00,288.72,34,overcast clouds
Kanpur,2023-12-22 21:00:00,287.83,37,overcast clouds
Kanpur,2023-12-23 00:00:00,286.26,41,overcast clouds
Kanpur,2023-12-23 03:00:00,288.82,40,clear sky
Kanpur,2023-12-23 06:00:00,295.35,27,clear sky
Kanpur,2023-12-23 09:00:00,297.58,23,clear sky
Kanpur,2023-12-23 12:00:00,292.76,31,few clouds
Kanpur,2023-12-23 15:00:00,290.7,34,clear sky
Kanpur,2023-12-23 18:00:00,289.48,37,few clouds
Kanpur,2023-12-23 21:00:00,288.36,39,few clouds
Kanpur,2023-12-24 00:00:00,287.3,43,clear sky
Kanpur,2023-12-24 03:00:00,290.1,42,clear sky
Kanpur,2023-12-24 06:00:00,296.58,31,clear sky
Kanpur,2023-12-24 09:00:00,298.7,27,clear sky
Kanpur,2023-12-24 12:00:00,293.89,36,clear sky
Kanpur,2023-12-24 15:00:00,291.57,40,few clouds
Kanpur,2023-12-24 18:00:00,290.12,45,few clouds
Kanpur,2023-12-24 21:00:00,289.11,49,clear sky
Kanpur,2023-12-25 00:00:00,288.07,53,clear sky
Kanpur,2023-12-25 03:00:00,290.7,48,clear sky
Kanpur,2023-12-25 06:00:00,296.82,32,clear sky
Kanpur,2023-12-25 09:00:00,299.1,26,clear sky
Kanpur,2023-12-25 12:00:00,294.09,37,clear sky
Kanpur,2023-12-25 15:00:00,291.41,42,clear sky
Kanpur,2023-12-25 18:00:00,290.0,44,clear sky
Kanpur,2023-12-25 21:00:00,288.79,47,clear sky
Kanpur,2023-12-26 00:00:00,287.82,51,clear sky
Kanpur,2023-12-26 03:00:00,290.54,46,clear sky
Kanpur,2023-12-26 06:00:00,296.86,32,clear sky
Kanpur,2023-12-26 09:00:00,298.95,25,clear sky
Kanpur,2023-12-26 12:00:00,293.98,36,clear sky
Nagpur,2023-12-21 15:00:00,291.16,59,scattered clouds
Nagpur,2023-12-21 18:00:00,291.05,49,broken clouds
Nagpur,2023-12-21 21:00:00,289.92,42,broken clouds
Nagpur,2023-12-22 00:00:00,288.18,34,broken clouds
Nagpur,2023-12-22 03:00:00,291.11,32,overcast clouds
Nagpur,2023-12-22 06:00:00,297.84,21,broken clouds
Nagpur,2023-12-22 09:00:00,300.55,17,broken clouds
Nagpur,2023-12-22 12:00:00,296.37,23,overcast clouds
Nagpur,2023-12-22 15:00:00,294.44,24,overcast clouds
Nagpur,2023-12-22 18:00:00,293.16,27,overcast clouds
Nagpur,2023-12-22 21:00:00,292.43,29,overcast clouds
Nagpur,2023-12-23 00:00:00,291.67,30,overcast clouds
Nagpur,2023-12-23 03:00:00,293.53,30,overcast clouds
Nagpur,2023-12-23 06:00:00,299.69,20,broken clouds
Nagpur,2023-12-23 09:00:00,301.82,18,broken clouds
Nagpur,2023-12-23 12:00:00,297.35,25,broken clouds
Nagpur,2023-12-23 15:00:00,294.5,27,overcast clouds
Nagpur,2023-12-23 18:00:00,292.07,31,overcast clouds
Nagpur,2023-12-23 21:00:00,290.17,33,broken clouds
Nagpur,2023-12-24 00:00:00,289.11,35,broken clouds
Nagpur,2023-12-24 03:00:00,292.08,34,broken clouds
Nagpur,2023-12-24 06:00:00,299.03,24,scattered clouds
Nagpur,2023-12-24 09:00:00,302.06,19,scattered clouds
Nagpur,2023-12-24 12:00:00,297.54,25,broken clouds
Nagpur,2023-12-24 15:00:00,294.56,28,few clouds
Nagpur,2023-12-24 18:00:00,291.92,33,few clouds
Nagpur,2023-12-24 21:00:00,290.2,37,clear sky
Nagpur,2023-12-25 00:00:00,289.2,38,clear sky
Nagpur,2023-12-25 03:00:00,292.33,36,clear sky
Nagpur,2023-12-25 06:00:00,299.61,22,clear sky
Nagpur,2023-12-25 09:00:00,302.47,18,clear sky
Nagpur,2023-12-25 12:00:00,297.87,26,clear sky
Nagpur,2023-12-25 15:00:00,294.92,29,clear sky
Nagpur,2023-12-25 18:00:00,292.08,36,clear sky
Nagpur,2023-12-25 21:00:00,290.18,39,clear sky
Nagpur,2023-12-26 00:00:00,289.32,40,clear sky
Nagpur,2023-12-26 03:00:00,292.59,36,clear sky
Nagpur,2023-12-26 06:00:00,299.63,25,clear sky
Nagpur,2023-12-26 09:00:00,302.47,20,clear sky
Nagpur,2023-12-26 12:00:00,297.99,27,clear sky
Indore,2023-12-21 15:00:00,291.25,59,broken clouds
Indore,2023-12-21 18:00:00,291.29,48,broken clouds
Indore,2023-12-21 21:00:00,290.0,39,overcast clouds
Indore,2023-12-22 00:00:00,289.47,29,overcast clouds
Indore,2023-12-22 03:00:00,291.31,32,overcast clouds
Indore,2023-12-22 06:00:00,297.19,20,overcast clouds
Indore,2023-12-22 09:00:00,299.74,16,overcast clouds
Indore,2023-12-22 12:00:00,295.39,26,overcast clouds
Indore,2023-12-22 15:00:00,292.53,28,overcast clouds
Indore,2023-12-22 18:00:00,291.19,30,overcast clouds
Indore,2023-12-22 21:00:00,290.16,31,overcast clouds
Indore,2023-12-23 00:00:00,289.16,31,overcast clouds
Indore,2023-12-23 03:00:00,291.16,32,overcast clouds
Indore,2023-12-23 06:00:00,298.79,18,scattered clouds
Indore,2023-12-23 09:00:00,301.39,15,clear sky
Indore,2023-12-23 12:00:00,296.83,25,clear sky
Indore,2023-12-23 15:00:00,292.7,28,clear sky
Indore,2023-12-23 18:00:00,291.06,31,clear sky
Indore,2023-12-23 21:00:00,289.91,32,clear sky
Indore,2023-12-24 00:00:00,288.71,33,clear sky
Indore,2023-12-24 03:00:00,290.98,33,clear sky
Indore,2023-12-24 06:00:00,298.73,21,clear sky
Indore,2023-12-24 09:00:00,301.25,18,clear sky
Indore,2023-12-24 12:00:00,296.63,28,clear sky
Indore,2023-12-24 15:00:00,292.57,31,clear sky
Indore,2023-12-24 18:00:00,290.86,34,clear sky
Indore,2023-12-24 21:00:00,289.51,37,clear sky
Indore,2023-12-25 00:00:00,288.57,39,clear sky
Indore,2023-12-25 03:00:00,291.06,37,clear sky
Indore,2023-12-25 06:00:00,298.58,23,clear sky
Indore,2023-12-25 09:00:00,301.47,20,clear sky
Indore,2023-12-25 12:00:00,296.97,29,clear sky
Indore,2023-12-25 15:00:00,293.0,34,clear sky
Indore,2023-12-25 18:00:00,291.03,35,clear sky
Indore,2023-12-25 21:00:00,289.54,37,clear sky
Indore,2023-12-26 00:00:00,288.74,37,clear sky
Indore,2023-12-26 03:00:00,291.71,36,clear sky
Indore,2023-12-26 06:00:00,299.17,23,clear sky
Indore,2023-12-26 09:00:00,301.79,19,clear sky
Indore,2023-12-26 12:00:00,297.25,28,clear sky
Thane,2023-12-21 15:00:00,302.1,48,scattered clouds
Thane,2023-12-21 18:00:00,301.32,46,broken clouds
Thane,2023-12-21 21:00:00,300.07,46,broken clouds
Thane,2023-12-22 00:00:00,298.23,44,overcast clouds
Thane,2023-12-22 03:00:00,299.15,36,overcast clouds
Thane,2023-12-22 06:00:00,301.78,29,overcast clouds
Thane,2023-12-22 09:00:00,303.17,31,overcast clouds
Thane,2023-12-22 12:00:00,302.93,35,overcast clouds
Thane,2023-12-22 15:00:00,300.16,45,overcast clouds
Thane,2023-12-22 18:00:00,298.96,51,overcast clouds
Thane,2023-12-22 21:00:00,297.64,51,broken clouds
Thane,2023-12-23 00:00:00,296.57,46,overcast clouds
Thane,2023-12-23 03:00:00,297.84,36,broken clouds
Thane,2023-12-23 06:00:00,304.02,25,broken clouds
Thane,2023-12-23 09:00:00,305.86,23,overcast clouds
Thane,2023-12-23 12:00:00,303.07,35,overcast clouds
Thane,2023-12-23 15:00:00,299.8,43,scattered clouds
Thane,2023-12-23 18:00:00,298.6,41,broken clouds
Thane,2023-12-23 21:00:00,297.68,39,overcast clouds
Thane,2023-12-24 00:00:00,296.97,34,overcast clouds
Thane,2023-12-24 03:00:00,298.45,29,scattered clouds
Thane,2023-12-24 06:00:00,305.19,22,few clouds
Thane,2023-12-24 09:00:00,307.22,21,overcast clouds
Thane,2023-12-24 12:00:00,303.45,32,broken clouds
Thane,2023-12-24 15:00:00,300.34,39,overcast clouds
Thane,2023-12-24 18:00:00,299.23,38,overcast clouds
Thane,2023-12-24 21:00:00,298.15,38,overcast clouds
Thane,2023-12-25 00:00:00,297.19,37,broken clouds
Thane,2023-12-25 03:00:00,298.52,33,broken clouds
Thane,2023-12-25 06:00:00,305.16,26,scattered clouds
Thane,2023-12-25 09:00:00,307.18,23,clear sky
Thane,2023-12-25 12:00:00,303.71,33,few clouds
Thane,2023-12-25 15:00:00,300.38,41,clear sky
Thane,2023-12-25 18:00:00,299.11,42,clear sky
Thane,2023-12-25 21:00:00,297.9,42,clear sky
Thane,2023-12-26 00:00:00,297.04,42,clear sky
Thane,2023-12-26 03:00:00,298.59,35,clear sky
Thane,2023-12-26 06:00:00,305.32,26,clear sky
Thane,2023-12-26 09:00:00,306.98,23,clear sky
Thane,2023-12-26 12:00:00,303.64,35,clear sky
Bhopal,2023-12-21 15:00:00,290.28,51,scattered clouds
Bhopal,2023-12-21 18:00:00,289.98,44,broken clouds
Bhopal,2023-12-21 21:00:00,289.47,37,broken clouds
Bhopal,2023-12-22 00:00:00,287.61,30,overcast clouds
Bhopal,2023-12-22 03:00:00,289.5,32,overcast clouds
Bhopal,2023-12-22 06:00:00,294.71,23,overcast clouds
Bhopal,2023-12-22 09:00:00,297.35,19,overcast clouds
Bhopal,2023-12-22 12:00:00,293.51,28,overcast clouds
Bhopal,2023-12-22 15:00:00,291.6,28,overcast clouds
Bhopal,2023-12-22 18:00:00,290.38,29,overcast clouds
Bhopal,2023-12-22 21:00:00,288.64,32,overcast clouds
Bhopal,2023-12-23 00:00:00,287.07,33,overcast clouds
Bhopal,2023-12-23 03:00:00,289.12,34,overcast clouds
Bhopal,2023-12-23 06:00:00,296.93,22,broken clouds
Bhopal,2023-12-23 09:00:00,299.62,18,clear sky
Bhopal,2023-12-23 12:00:00,294.77,28,clear sky
Bhopal,2023-12-23 15:00:00,291.37,30,clear sky
Bhopal,2023-12-23 18:00:00,289.35,32,clear sky
Bhopal,2023-12-23 21:00:00,287.95,33,clear sky
Bhopal,2023-12-24 00:00:00,286.78,36,clear sky
Bhopal,2023-12-24 03:00:00,289.19,37,clear sky
Bhopal,2023-12-24 06:00:00,296.68,24,clear sky
Bhopal,2023-12-24 09:00:00,299.5,20,clear sky
Bhopal,2023-12-24 12:00:00,294.57,32,clear sky
Bhopal,2023-12-24 15:00:00,291.64,34,clear sky
Bhopal,2023-12-24 18:00:00,289.75,35,clear sky
Bhopal,2023-12-24 21:00:00,288.25,36,clear sky
Bhopal,2023-12-25 00:00:00,287.04,37,clear sky
Bhopal,2023-12-25 03:00:00,289.62,37,clear sky
Bhopal,2023-12-25 06:00:00,297.29,24,clear sky
Bhopal,2023-12-25 09:00:00,300.08,20,clear sky
Bhopal,2023-12-25 12:00:00,295.07,31,clear sky
Bhopal,2023-12-25 15:00:00,291.94,33,clear sky
Bhopal,2023-12-25 18:00:00,290.13,37,clear sky
Bhopal,2023-12-25 21:00:00,288.68,41,clear sky
Bhopal,2023-12-26 00:00:00,287.71,44,clear sky
Bhopal,2023-12-26 03:00:00,290.58,41,clear sky
Bhopal,2023-12-26 06:00:00,297.55,27,clear sky
Bhopal,2023-12-26 09:00:00,300.27,22,clear sky
Bhopal,2023-12-26 12:00:00,295.52,32,clear sky
Visakhapatnam,2023-12-21 15:00:00,294.09,83,few clouds
Visakhapatnam,2023-12-21 18:00:00,294.02,78,few clouds
Visakhapatnam,2023-12-21 21:00:00,293.32,75,clear sky
Visakhapatnam,2023-12-22 00:00:00,292.39,75,clear sky
Visakhapatnam,2023-12-22 03:00:00,294.83,67,clear sky
Visakhapatnam,2023-12-22 06:00:00,298.06,55,few clouds
Visakhapatnam,2023-12-22 09:00:00,298.38,53,overcast clouds
Visakhapatnam,2023-12-22 12:00:00,295.82,63,overcast clouds
Visakhapatnam,2023-12-22 15:00:00,295.39,64,overcast clouds
Visakhapatnam,2023-12-22 18:00:00,294.31,68,broken clouds
Visakhapatnam,2023-12-22 21:00:00,293.55,72,broken clouds
Visakhapatnam,2023-12-23 00:00:00,293.1,74,broken clouds
Visakhapatnam,2023-12-23 03:00:00,295.34,67,overcast clouds
Visakhapatnam,2023-12-23 06:00:00,298.4,56,broken clouds
Visakhapatnam,2023-12-23 09:00:00,298.88,54,overcast clouds
Visakhapatnam,2023-12-23 12:00:00,296.87,61,broken clouds
Visakhapatnam,2023-12-23 15:00:00,295.92,65,scattered clouds
Visakhapatnam,2023-12-23 18:00:00,294.84,69,scattered clouds
Visakhapatnam,2023-12-23 21:00:00,293.75,73,broken clouds
Visakhapatnam,2023-12-24 00:00:00,293.15,76,scattered clouds
Visakhapatnam,2023-12-24 03:00:00,295.78,65,clear sky
Visakhapatnam,2023-12-24 06:00:00,299.52,50,clear sky
Visakhapatnam,2023-12-24 09:00:00,300.18,49,clear sky
Visakhapatnam,2023-12-24 12:00:00,297.19,63,clear sky
Visakhapatnam,2023-12-24 15:00:00,296.07,70,clear sky
Visakhapatnam,2023-12-24 18:00:00,295.1,74,clear sky
Visakhapatnam,2023-12-24 21:00:00,294.1,78,clear sky
Visakhapatnam,2023-12-25 00:00:00,293.33,80,clear sky
Visakhapatnam,2023-12-25 03:00:00,295.97,68,few clouds
Visakhapatnam,2023-12-25 06:00:00,299.63,51,clear sky
Visakhapatnam,2023-12-25 09:00:00,300.37,51,clear sky
Visakhapatnam,2023-12-25 12:00:00,297.31,66,clear sky
Visakhapatnam,2023-12-25 15:00:00,296.51,70,clear sky
Visakhapatnam,2023-12-25 18:00:00,295.53,74,clear sky
Visakhapatnam,2023-12-25 21:00:00,294.59,78,clear sky
Visakhapatnam,2023-12-26 00:00:00,293.79,81,clear sky
Visakhapatnam,2023-12-26 03:00:00,296.32,70,clear sky
Visakhapatnam,2023-12-26 06:00:00,299.62,55,clear sky
Visakhapatnam,2023-12-26 09:00:00,300.03,54,clear sky
Visakhapatnam,2023-12-26 12:00:00,297.4,67,clear sky
Pimpri-Chinchwad,2023-12-21 15:00:00,296.97,37,overcast clouds
Pimpri-Chinchwad,2023-12-21 18:00:00,296.46,38,overcast clouds
Pimpri-Chinchwad,2023-12-21 21:00:00,295.6,35,overcast clouds
Pimpri-Chinchwad,2023-12-22 00:00:00,292.49,37,overcast clouds
Pimpri-Chinchwad,2023-12-22 03:00:00,294.48,34,broken clouds
Pimpri-Chinchwad,2023-12-22 06:00:00,300.3,26,overcast clouds
Pimpri-Chinchwad,2023-12-22 09:00:00,302.06,25,overcast clouds
Pimpri-Chinchwad,2023-12-22 12:00:00,300.16,30,overcast clouds
Pimpri-Chinchwad,2023-12-22 15:00:00,296.71,31,overcast clouds
Pimpri-Chinchwad,2023-12-22 18:00:00,294.73,32,overcast clouds
Pimpri-Chinchwad,2023-12-22 21:00:00,293.0,33,broken clouds
Pimpri-Chinchwad,2023-12-23 00:00:00,291.83,33,broken clouds
Pimpri-Chinchwad,2023-12-23 03:00:00,294.67,29,overcast clouds
Pimpri-Chinchwad,2023-12-23 06:00:00,301.19,19,broken clouds
Pimpri-Chinchwad,2023-12-23 09:00:00,304.0,16,scattered clouds
Pimpri-Chinchwad,2023-12-23 12:00:00,300.9,22,broken clouds
Pimpri-Chinchwad,2023-12-23 15:00:00,296.8,24,overcast clouds
Pimpri-Chinchwad,2023-12-23 18:00:00,294.47,28,overcast clouds
Pimpri-Chinchwad,2023-12-23 21:00:00,292.85,31,broken clouds
Pimpri-Chinchwad,2023-12-24 00:00:00,291.49,35,broken clouds
Pimpri-Chinchwad,2023-12-24 03:00:00,293.86,36,clear sky
Pimpri-Chinchwad,2023-12-24 06:00:00,300.95,27,clear sky
Pimpri-Chinchwad,2023-12-24 09:00:00,303.59,22,broken clouds
Pimpri-Chinchwad,2023-12-24 12:00:00,301.08,29,broken clouds
Pimpri-Chinchwad,2023-12-24 15:00:00,296.65,38,broken clouds
Pimpri-Chinchwad,2023-12-24 18:00:00,294.89,39,overcast clouds
Pimpri-Chinchwad,2023-12-24 21:00:00,293.25,42,broken clouds
Pimpri-Chinchwad,2023-12-25 00:00:00,292.22,45,broken clouds
Pimpri-Chinchwad,2023-12-25 03:00:00,294.69,41,clear sky
Pimpri-Chinchwad,2023-12-25 06:00:00,301.51,27,few clouds
Pimpri-Chinchwad,2023-12-25 09:00:00,304.21,22,clear sky
Pimpri-Chinchwad,2023-12-25 12:00:00,301.72,27,clear sky
Pimpri-Chinchwad,2023-12-25 15:00:00,296.97,31,clear sky
Pimpri-Chinchwad,2023-12-25 18:00:00,294.95,35,clear sky
Pimpri-Chinchwad,2023-12-25 21:00:00,293.17,38,clear sky
Pimpri-Chinchwad,2023-12-26 00:00:00,291.88,39,clear sky
Pimpri-Chinchwad,2023-12-26 03:00:00,295.06,35,clear sky
Pimpri-Chinchwad,2023-12-26 06:00:00,301.63,24,clear sky
Pimpri-Chinchwad,2023-12-26 09:00:00,304.21,19,clear sky
Pimpri-Chinchwad,2023-12-26 12:00:00,301.82,24,clear sky
Patna,2023-12-21 15:00:00,290.11,88,few clouds
Patna,2023-12-21 18:00:00,289.76,72,scattered clouds
Patna,2023-12-21 21:00:00,288.56,58,few clouds
Patna,2023-12-22 00:00:00,286.71,46,scattered clouds
Patna,2023-12-22 03:00:00,290.31,39,overcast clouds
Patna,2023-12-22 06:00:00,296.15,28,broken clouds
Patna,2023-12-22 09:00:00,297.61,28,overcast clouds
Patna,2023-12-22 12:00:00,294.36,34,overcast clouds
Patna,2023-12-22 15:00:00,293.07,36,overcast clouds
Patna,2023-12-22 18:00:00,291.93,38,overcast clouds
Patna,2023-12-22 21:00:00,291.16,41,overcast clouds
Patna,2023-12-23 00:00:00,290.99,42,overcast clouds
Patna,2023-12-23 03:00:00,292.87,40,overcast clouds
Patna,2023-12-23 06:00:00,296.73,35,overcast clouds
Patna,2023-12-23 09:00:00,298.89,33,broken clouds
Patna,2023-12-23 12:00:00,294.66,42,scattered clouds
Patna,2023-12-23 15:00:00,292.43,49,clear sky
Patna,2023-12-23 18:00:00,291.0,53,clear sky
Patna,2023-12-23 21:00:00,289.97,57,clear sky
Patna,2023-12-24 00:00:00,288.85,63,clear sky
Patna,2023-12-24 03:00:00,292.62,54,clear sky
Patna,2023-12-24 06:00:00,298.03,38,clear sky
Patna,2023-12-24 09:00:00,299.62,33,clear sky
Patna,2023-12-24 12:00:00,295.5,41,clear sky
Patna,2023-12-24 15:00:00,293.41,48,clear sky
Patna,2023-12-24 18:00:00,291.98,54,clear sky
Patna,2023-12-24 21:00:00,290.71,58,clear sky
Patna,2023-12-25 00:00:00,289.51,60,clear sky
Patna,2023-12-25 03:00:00,292.97,49,clear sky
Patna,2023-12-25 06:00:00,298.17,36,clear sky
Patna,2023-12-25 09:00:00,299.87,31,clear sky
Patna,2023-12-25 12:00:00,295.33,41,clear sky
Patna,2023-12-25 15:00:00,293.13,46,clear sky
Patna,2023-12-25 18:00:00,291.52,50,clear sky
Patna,2023-12-25 21:00:00,289.94,53,clear sky
Patna,2023-12-26 00:00:00,288.8,56,clear sky
Patna,2023-12-26 03:00:00,292.42,47,clear sky
Patna,2023-12-26 06:00:00,298.02,34,clear sky
Patna,2023-12-26 09:00:00,299.62,28,clear sky
Patna,2023-12-26 12:00:00,295.08,37,clear sky
Vadodara,2023-12-21 15:00:00,296.13,56,scattered clouds
Vadodara,2023-12-21 18:00:00,295.81,44,broken clouds
Vadodara,2023-12-21 21:00:00,295.16,33,broken clouds
Vadodara,2023-12-22 00:00:00,294.17,23,overcast clouds
Vadodara,2023-12-22 03:00:00,294.87,28,overcast clouds
Vadodara,2023-12-22 06:00:00,300.44,21,overcast clouds
Vadodara,2023-12-22 09:00:00,303.66,17,overcast clouds
Vadodara,2023-12-22 12:00:00,300.83,24,overcast clouds
Vadodara,2023-12-22 15:00:00,297.01,27,overcast clouds
Vadodara,2023-12-22 18:00:00,295.21,27,overcast clouds
Vadodara,2023-12-22 21:00:00,293.62,29,overcast clouds
Vadodara,2023-12-23 00:00:00,292.91,30,broken clouds
Vadodara,2023-12-23 03:00:00,294.42,32,clear sky
Vadodara,2023-12-23 06:00:00,301.94,21,clear sky
Vadodara,2023-12-23 09:00:00,304.98,18,clear sky
Vadodara,2023-12-23 12:00:00,302.0,25,clear sky
Vadodara,2023-12-23 15:00:00,297.42,28,clear sky
Vadodara,2023-12-23 18:00:00,295.57,28,clear sky
Vadodara,2023-12-23 21:00:00,294.37,29,clear sky
Vadodara,2023-12-24 00:00:00,293.29,30,clear sky
Vadodara,2023-12-24 03:00:00,294.42,33,clear sky
Vadodara,2023-12-24 06:00:00,302.66,21,clear sky
Vadodara,2023-12-24 09:00:00,305.98,17,clear sky
Vadodara,2023-12-24 12:00:00,302.56,23,clear sky
Vadodara,2023-12-24 15:00:00,297.35,28,clear sky
Vadodara,2023-12-24 18:00:00,295.72,29,clear sky
Vadodara,2023-12-24 21:00:00,294.45,30,clear sky
Vadodara,2023-12-25 00:00:00,293.21,32,clear sky
Vadodara,2023-12-25 03:00:00,294.47,34,clear sky
Vadodara,2023-12-25 06:00:00,302.66,22,clear sky
Vadodara,2023-12-25 09:00:00,305.89,18,clear sky
Vadodara,2023-12-25 12:00:00,302.51,24,clear sky
Vadodara,2023-12-25 15:00:00,297.41,29,clear sky
Vadodara,2023-12-25 18:00:00,295.63,30,clear sky
Vadodara,2023-12-25 21:00:00,294.09,33,clear sky
Vadodara,2023-12-26 00:00:00,292.79,35,clear sky
Vadodara,2023-12-26 03:00:00,294.66,36,clear sky
Vadodara,2023-12-26 06:00:00,302.65,24,clear sky
Vadodara,2023-12-26 09:00:00,305.56,19,clear sky
Vadodara,2023-12-26 12:00:00,302.78,24,clear sky
Ludhiana,2023-12-21 15:00:00,287.15,24,broken clouds
Ludhiana,2023-12-21 18:00:00,286.37,25,broken clouds
Ludhiana,2023-12-21 21:00:00,285.0,26,broken clouds
Ludhiana,2023-12-22 00:00:00,282.71,28,broken clouds
Ludhiana,2023-12-22 03:00:00,285.17,28,overcast clouds
Ludhiana,2023-12-22 06:00:00,293.11,18,overcast clouds
Ludhiana,2023-12-22 09:00:00,296.04,15,overcast clouds
Ludhiana,2023-12-22 12:00:00,290.35,22,overcast clouds
Ludhiana,2023-12-22 15:00:00,287.15,27,overcast clouds
Ludhiana,2023-12-22 18:00:00,286.3,28,overcast clouds
Ludhiana,2023-12-22 21:00:00,287.62,27,overcast clouds
Ludhiana,2023-12-23 00:00:00,285.37,30,broken clouds
Ludhiana,2023-12-23 03:00:00,287.34,30,overcast clouds
Ludhiana,2023-12-23 06:00:00,294.07,20,broken clouds
Ludhiana,2023-12-23 09:00:00,297.37,16,scattered clouds
Ludhiana,2023-12-23 12:00:00,291.77,24,scattered clouds
Ludhiana,2023-12-23 15:00:00,289.16,27,clear sky
Ludhiana,2023-12-23 18:00:00,287.21,32,clear sky
Ludhiana,2023-12-23 21:00:00,286.28,46,clear sky
Ludhiana,2023-12-24 00:00:00,285.46,57,clear sky
Ludhiana,2023-12-24 03:00:00,287.18,53,clear sky
Ludhiana,2023-12-24 06:00:00,295.67,30,few clouds
Ludhiana,2023-12-24 09:00:00,298.42,23,broken clouds
Ludhiana,2023-12-24 12:00:00,292.72,35,broken clouds
Ludhiana,2023-12-24 15:00:00,289.26,42,overcast clouds
Ludhiana,2023-12-24 18:00:00,287.2,45,scattered clouds
Ludhiana,2023-12-24 21:00:00,285.99,47,clear sky
Ludhiana,2023-12-25 00:00:00,285.06,48,clear sky
Ludhiana,2023-12-25 03:00:00,286.26,45,clear sky
Ludhiana,2023-12-25 06:00:00,295.15,25,clear sky
Ludhiana,2023-12-25 09:00:00,298.35,18,clear sky
Ludhiana,2023-12-25 12:00:00,292.18,28,clear sky
Ludhiana,2023-12-25 15:00:00,288.8,32,clear sky
Ludhiana,2023-12-25 18:00:00,287.03,35,clear sky
Ludhiana,2023-12-25 21:00:00,285.88,38,few clouds
Ludhiana,2023-12-26 00:00:00,284.86,40,scattered clouds
Ludhiana,2023-12-26 03:00:00,286.99,38,overcast clouds
Ludhiana,2023-12-26 06:00:00,295.19,24,broken clouds
Ludhiana,2023-12-26 09:00:00,298.54,19,scattered clouds
Ludhiana,2023-12-26 12:00:00,292.69,29,broken clouds
Agra,2023-12-21 15:00:00,288.75,30,overcast clouds
Agra,2023-12-21 18:00:00,288.36,29,overcast clouds
Agra,2023-12-21 21:00:00,287.32,27,overcast clouds
Agra,2023-12-22 00:00:00,285.4,26,overcast clouds
Agra,2023-12-22 03:00:00,287.04,29,overcast clouds
Agra,2023-12-22 06:00:00,293.29,21,overcast clouds
Agra,2023-12-22 09:00:00,295.33,19,overcast clouds
Agra,2023-12-22 12:00:00,290.95,26,overcast clouds
Agra,2023-12-22 15:00:00,289.28,29,overcast clouds
Agra,2023-12-22 18:00:00,287.96,31,overcast clouds
Agra,2023-12-22 21:00:00,287.0,33,clear sky
Agra,2023-12-23 00:00:00,286.23,32,few clouds
Agra,2023-12-23 03:00:00,287.79,34,few clouds
Agra,2023-12-23 06:00:00,294.08,24,few clouds
Agra,2023-12-23 09:00:00,296.56,22,scattered clouds
Agra,2023-12-23 12:00:00,292.24,31,scattered clouds
Agra,2023-12-23 15:00:00,290.23,34,clear sky
Agra,2023-12-23 18:00:00,288.99,38,clear sky
Agra,2023-12-23 21:00:00,288.0,42,clear sky
Agra,2023-12-24 00:00:00,287.16,47,clear sky
Agra,2023-12-24 03:00:00,289.33,45,clear sky
Agra,2023-12-24 06:00:00,295.67,33,clear sky
Agra,2023-12-24 09:00:00,298.15,28,clear sky
Agra,2023-12-24 12:00:00,293.9,38,scattered clouds
Agra,2023-12-24 15:00:00,291.56,43,scattered clouds
Agra,2023-12-24 18:00:00,289.98,45,few clouds
Agra,2023-12-24 21:00:00,288.93,44,clear sky
Agra,2023-12-25 00:00:00,288.0,42,clear sky
Agra,2023-12-25 03:00:00,289.75,41,clear sky
Agra,2023-12-25 06:00:00,296.23,29,clear sky
Agra,2023-12-25 09:00:00,298.7,27,clear sky
Agra,2023-12-25 12:00:00,294.12,38,clear sky
Agra,2023-12-25 15:00:00,291.92,42,clear sky
Agra,2023-12-25 18:00:00,290.5,45,clear sky
Agra,2023-12-25 21:00:00,289.38,47,clear sky
Agra,2023-12-26 00:00:00,288.2,49,clear sky
Agra,2023-12-26 03:00:00,289.96,45,clear sky
Agra,2023-12-26 06:00:00,296.43,28,clear sky
Agra,2023-12-26 09:00:00,298.71,23,clear sky
Agra,2023-12-26 12:00:00,294.11,32,clear sky
Coimbatore,2023-12-21 15:00:00,299.03,73,broken clouds
Coimbatore,2023-12-21 18:00:00,297.42,80,broken clouds
Coimbatore,2023-12-21 21:00:00,295.37,89,overcast clouds
Coimbatore,2023-12-22 00:00:00,293.14,98,overcast clouds
Coimbatore,2023-12-22 03:00:00,295.22,89,overcast clouds
Coimbatore,2023-12-22 06:00:00,297.13,79,overcast clouds
Coimbatore,2023-12-22 09:00:00,298.68,73,overcast clouds
Coimbatore,2023-12-22 12:00:00,297.51,80,overcast clouds
Coimbatore,2023-12-22 15:00:00,295.04,87,overcast clouds
Coimbatore,2023-12-22 18:00:00,294.28,89,overcast clouds
Coimbatore,2023-12-22 21:00:00,293.54,89,overcast clouds
Coimbatore,2023-12-23 00:00:00,292.61,93,overcast clouds
Coimbatore,2023-12-23 03:00:00,293.27,91,overcast clouds
Coimbatore,2023-12-23 06:00:00,295.95,80,overcast clouds
Coimbatore,2023-12-23 09:00:00,298.32,69,overcast clouds
Coimbatore,2023-12-23 12:00:00,296.32,79,broken clouds
Coimbatore,2023-12-23 15:00:00,292.97,87,few clouds
Coimbatore,2023-12-23 18:00:00,291.86,88,scattered clouds
Coimbatore,2023-12-23 21:00:00,290.86,87,few clouds
Coimbatore,2023-12-24 00:00:00,289.89,85,scattered clouds
Coimbatore,2023-12-24 03:00:00,292.64,73,scattered clouds
Coimbatore,2023-12-24 06:00:00,297.33,59,scattered clouds
Coimbatore,2023-12-24 09:00:00,299.5,52,broken clouds
Coimbatore,2023-12-24 12:00:00,297.31,68,overcast clouds
Coimbatore,2023-12-24 15:00:00,294.85,73,broken clouds
Coimbatore,2023-12-24 18:00:00,294.24,74,broken clouds
Coimbatore,2023-12-24 21:00:00,293.57,81,scattered clouds
Coimbatore,2023-12-25 00:00:00,294.29,83,broken clouds
Coimbatore,2023-12-25 03:00:00,295.16,83,overcast clouds
Coimbatore,2023-12-25 06:00:00,297.42,75,overcast clouds
Coimbatore,2023-12-25 09:00:00,300.57,66,light rain
Coimbatore,2023-12-25 12:00:00,298.06,80,light rain
Coimbatore,2023-12-25 15:00:00,295.6,88,light rain
Coimbatore,2023-12-25 18:00:00,294.84,92,light rain
Coimbatore,2023-12-25 21:00:00,294.2,95,light rain
Coimbatore,2023-12-26 00:00:00,293.55,98,broken clouds
Coimbatore,2023-12-26 03:00:00,295.67,89,overcast clouds
Coimbatore,2023-12-26 06:00:00,299.47,69,overcast clouds
Coimbatore,2023-12-26 09:00:00,301.15,60,broken clouds
Coimbatore,2023-12-26 12:00:00,299.12,72,broken clouds
Varanasi,2023-12-21 15:00:00,287.2,88,broken clouds
Varanasi,2023-12-21 18:00:00,287.31,70,broken clouds
Varanasi,2023-12-21 21:00:00,286.45,55,broken clouds
Varanasi,2023-12-22 00:00:00,284.75,42,broken clouds
Varanasi,2023-12-22 03:00:00,288.27,37,broken clouds
Varanasi,2023-12-22 06:00:00,294.01,27,overcast clouds
Varanasi,2023-12-22 09:00:00,295.46,24,overcast clouds
Varanasi,2023-12-22 12:00:00,291.78,31,overcast clouds
Varanasi,2023-12-22 15:00:00,290.82,32,overcast clouds
Varanasi,2023-12-22 18:00:00,290.46,33,overcast clouds
Varanasi,2023-12-22 21:00:00,289.34,35,overcast clouds
Varanasi,2023-12-23 00:00:00,288.72,37,overcast clouds
Varanasi,2023-12-23 03:00:00,291.09,35,overcast clouds
Varanasi,2023-12-23 06:00:00,296.56,26,overcast clouds
Varanasi,2023-12-23 09:00:00,298.58,23,clear sky
Varanasi,2023-12-23 12:00:00,293.88,31,clear sky
Varanasi,2023-12-23 15:00:00,291.93,35,clear sky
Varanasi,2023-12-23 18:00:00,290.34,39,clear sky
Varanasi,2023-12-23 21:00:00,289.08,43,clear sky
Varanasi,2023-12-24 00:00:00,288.04,48,clear sky
Varanasi,2023-12-24 03:00:00,291.45,42,clear sky
Varanasi,2023-12-24 06:00:00,297.55,33,clear sky
Varanasi,2023-12-24 09:00:00,299.39,30,clear sky
Varanasi,2023-12-24 12:00:00,294.74,40,clear sky
Varanasi,2023-12-24 15:00:00,292.64,45,clear sky
Varanasi,2023-12-24 18:00:00,291.15,49,clear sky
Varanasi,2023-12-24 21:00:00,289.61,53,clear sky
Varanasi,2023-12-25 00:00:00,288.39,56,clear sky
Varanasi,2023-12-25 03:00:00,291.54,47,clear sky
Varanasi,2023-12-25 06:00:00,297.37,35,clear sky
Varanasi,2023-12-25 09:00:00,299.44,29,clear sky
Varanasi,2023-12-25 12:00:00,294.59,39,clear sky
Varanasi,2023-12-25 15:00:00,292.22,43,clear sky
Varanasi,2023-12-25 18:00:00,290.51,47,clear sky
Varanasi,2023-12-25 21:00:00,288.95,52,clear sky
Varanasi,2023-12-26 00:00:00,287.75,55,clear sky
Varanasi,2023-12-26 03:00:00,291.17,48,clear sky
Varanasi,2023-12-26 06:00:00,297.42,33,clear sky
Varanasi,2023-12-26 09:00:00,299.32,27,clear sky
Varanasi,2023-12-26 12:00:00,294.29,36,clear sky
Kochi,2023-12-21 15:00:00,303.14,75,light rain
Kochi,2023-12-21 18:00:00,301.88,78,light rain
Kochi,2023-12-21 21:00:00,299.83,85,light rain
Kochi,2023-12-22 00:00:00,297.8,88,light rain
Kochi,2023-12-22 03:00:00,298.77,82,overcast clouds
Kochi,2023-12-22 06:00:00,302.3,67,overcast clouds
Kochi,2023-12-22 09:00:00,302.16,70,overcast clouds
Kochi,2023-12-22 12:00:00,301.36,75,overcast clouds
Kochi,2023-12-22 15:00:00,300.37,78,light rain
Kochi,2023-12-22 18:00:00,299.26,84,light rain
Kochi,2023-12-22 21:00:00,298.49,86,overcast clouds
Kochi,2023-12-23 00:00:00,297.86,87,overcast clouds
Kochi,2023-12-23 03:00:00,298.6,80,overcast clouds
Kochi,2023-12-23 06:00:00,302.02,63,overcast clouds
Kochi,2023-12-23 09:00:00,301.84,66,overcast clouds
Kochi,2023-12-23 12:00:00,300.84,73,overcast clouds
Kochi,2023-12-23 15:00:00,299.82,77,scattered clouds
Kochi,2023-12-23 18:00:00,298.95,79,scattered clouds
Kochi,2023-12-23 21:00:00,296.91,86,few clouds
Kochi,2023-12-24 00:00:00,295.95,82,scattered clouds
Kochi,2023-12-24 03:00:00,297.23,68,broken clouds
Kochi,2023-12-24 06:00:00,301.97,48,broken clouds
Kochi,2023-12-24 09:00:00,302.0,55,overcast clouds
Kochi,2023-12-24 12:00:00,300.73,64,overcast clouds
Kochi,2023-12-24 15:00:00,299.49,67,broken clouds
Kochi,2023-12-24 18:00:00,297.93,75,broken clouds
Kochi,2023-12-24 21:00:00,297.39,75,broken clouds
Kochi,2023-12-25 00:00:00,296.94,77,broken clouds
Kochi,2023-12-25 03:00:00,298.88,70,broken clouds
Kochi,2023-12-25 06:00:00,303.16,56,overcast clouds
Kochi,2023-12-25 09:00:00,302.9,61,scattered clouds
Kochi,2023-12-25 12:00:00,301.65,67,broken clouds
Kochi,2023-12-25 15:00:00,301.13,69,overcast clouds
Kochi,2023-12-25 18:00:00,299.83,75,broken clouds
Kochi,2023-12-25 21:00:00,298.38,83,broken clouds
Kochi,2023-12-26 00:00:00,297.8,84,light rain
Kochi,2023-12-26 03:00:00,299.15,76,overcast clouds
Kochi,2023-12-26 06:00:00,302.28,65,overcast clouds
Kochi,2023-12-26 09:00:00,301.77,69,overcast clouds
Kochi,2023-12-26 12:00:00,301.42,72,broken clouds
Amritsar,2023-12-21 15:00:00,285.12,87,overcast clouds
Amritsar,2023-12-21 18:00:00,285.21,65,overcast clouds
Amritsar,2023-12-21 21:00:00,284.83,44,overcast clouds
Amritsar,2023-12-22 00:00:00,283.77,25,overcast clouds
Amritsar,2023-12-22 03:00:00,285.74,25,overcast clouds
Amritsar,2023-12-22 06:00:00,293.5,16,overcast clouds
Amritsar,2023-12-22 09:00:00,296.56,13,overcast clouds
Amritsar,2023-12-22 12:00:00,290.27,19,overcast clouds
Amritsar,2023-12-22 15:00:00,288.88,20,overcast clouds
Amritsar,2023-12-22 18:00:00,288.35,21,overcast clouds
Amritsar,2023-12-22 21:00:00,287.3,23,overcast clouds
Amritsar,2023-12-23 00:00:00,287.52,24,overcast clouds
Amritsar,2023-12-23 03:00:00,286.99,27,broken clouds
Amritsar,2023-12-23 06:00:00,295.61,18,scattered clouds
Amritsar,2023-12-23 09:00:00,298.3,17,clear sky
Amritsar,2023-12-23 12:00:00,292.72,35,clear sky
Amritsar,2023-12-23 15:00:00,289.42,50,clear sky
Amritsar,2023-12-23 18:00:00,287.96,43,clear sky
Amritsar,2023-12-23 21:00:00,286.48,37,clear sky
Amritsar,2023-12-24 00:00:00,285.5,39,clear sky
Amritsar,2023-12-24 03:00:00,287.13,41,clear sky
Amritsar,2023-12-24 06:00:00,295.72,27,scattered clouds
Amritsar,2023-12-24 09:00:00,297.54,24,overcast clouds
Amritsar,2023-12-24 12:00:00,292.19,32,overcast clouds
Amritsar,2023-12-24 15:00:00,288.84,38,broken clouds
Amritsar,2023-12-24 18:00:00,287.23,41,scattered clouds
Amritsar,2023-12-24 21:00:00,285.77,42,clear sky
Amritsar,2023-12-25 00:00:00,284.79,40,clear sky
Amritsar,2023-12-25 03:00:00,286.15,37,clear sky
Amritsar,2023-12-25 06:00:00,295.1,21,clear sky
Amritsar,2023-12-25 09:00:00,298.34,17,clear sky
Amritsar,2023-12-25 12:00:00,292.08,25,clear sky
Amritsar,2023-12-25 15:00:00,288.51,30,clear sky
Amritsar,2023-12-25 18:00:00,287.49,31,clear sky
Amritsar,2023-12-25 21:00:00,285.94,35,clear sky
Amritsar,2023-12-26 00:00:00,284.82,38,few clouds
Amritsar,2023-12-26 03:00:00,286.9,37,broken clouds
Amritsar,2023-12-26 06:00:00,295.08,23,broken clouds
Amritsar,2023-12-26 09:00:00,298.2,19,broken clouds
Amritsar,2023-12-26 12:00:00,292.48,28,overcast clouds
Nashik,2023-12-21 15:00:00,294.93,25,overcast clouds
Nashik,2023-12-21 18:00:00,294.54,25,overcast clouds
Nashik,2023-12-21 21:00:00,293.48,25,overcast clouds
Nashik,2023-12-22 00:00:00,291.91,26,overcast clouds
Nashik,2023-12-22 03:00:00,293.37,29,overcast clouds
Nashik,2023-12-22 06:00:00,299.49,22,overcast clouds
Nashik,2023-12-22 09:00:00,300.97,21,overcast clouds
Nashik,2023-12-22 12:00:00,298.45,29,overcast clouds
Nashik,2023-12-22 15:00:00,295.06,29,overcast clouds
Nashik,2023-12-22 18:00:00,293.63,30,overcast clouds
Nashik,2023-12-22 21:00:00,292.08,32,overcast clouds
Nashik,2023-12-23 00:00:00,291.26,31,overcast clouds
Nashik,2023-12-23 03:00:00,293.49,31,broken clouds
Nashik,2023-12-23 06:00:00,301.21,19,broken clouds
Nashik,2023-12-23 09:00:00,303.55,16,overcast clouds
Nashik,2023-12-23 12:00:00,299.68,23,overcast clouds
Nashik,2023-12-23 15:00:00,295.96,24,overcast clouds
Nashik,2023-12-23 18:00:00,293.36,31,broken clouds
Nashik,2023-12-23 21:00:00,292.46,35,overcast clouds
Nashik,2023-12-24 00:00:00,291.42,38,broken clouds
Nashik,2023-12-24 03:00:00,293.57,36,few clouds
Nashik,2023-12-24 06:00:00,301.14,21,few clouds
Nashik,2023-12-24 09:00:00,303.84,19,broken clouds
Nashik,2023-12-24 12:00:00,300.22,27,broken clouds
Nashik,2023-12-24 15:00:00,296.4,29,broken clouds
Nashik,2023-12-24 18:00:00,293.65,34,broken clouds
Nashik,2023-12-24 21:00:00,292.21,38,broken clouds
Nashik,2023-12-25 00:00:00,291.2,41,scattered clouds
Nashik,2023-12-25 03:00:00,293.79,40,few clouds
Nashik,2023-12-25 06:00:00,301.63,24,few clouds
Nashik,2023-12-25 09:00:00,303.93,20,scattered clouds
Nashik,2023-12-25 12:00:00,300.52,27,broken clouds
Nashik,2023-12-25 15:00:00,296.46,30,few clouds
Nashik,2023-12-25 18:00:00,293.48,36,clear sky
Nashik,2023-12-25 21:00:00,292.01,40,clear sky
Nashik,2023-12-26 00:00:00,291.31,42,clear sky
Nashik,2023-12-26 03:00:00,294.22,39,clear sky
Nashik,2023-12-26 06:00:00,301.82,25,clear sky
Nashik,2023-12-26 09:00:00,304.05,20,clear sky
Nashik,2023-12-26 12:00:00,300.98,27,clear sky
Vijayawada,2023-12-21 15:00:00,297.12,69,few clouds
Vijayawada,2023-12-21 18:00:00,295.6,75,few clouds
Vijayawada,2023-12-21 21:00:00,293.57,83,clear sky
Vijayawada,2023-12-22 00:00:00,291.12,92,clear sky
Vijayawada,2023-12-22 03:00:00,294.33,79,broken clouds
Vijayawada,2023-12-22 06:00:00,299.04,59,broken clouds
Vijayawada,2023-12-22 09:00:00,300.99,47,overcast clouds
Vijayawada,2023-12-22 12:00:00,297.55,59,broken clouds
Vijayawada,2023-12-22 15:00:00,293.88,81,overcast clouds
Vijayawada,2023-12-22 18:00:00,292.63,87,broken clouds
Vijayawada,2023-12-22 21:00:00,291.94,90,broken clouds
Vijayawada,2023-12-23 00:00:00,291.9,91,overcast clouds
Vijayawada,2023-12-23 03:00:00,294.78,76,overcast clouds
Vijayawada,2023-12-23 06:00:00,299.38,58,overcast clouds
Vijayawada,2023-12-23 09:00:00,301.54,49,overcast clouds
Vijayawada,2023-12-23 12:00:00,297.99,64,broken clouds
Vijayawada,2023-12-23 15:00:00,294.24,80,scattered clouds
Vijayawada,2023-12-23 18:00:00,293.15,85,broken clouds
Vijayawada,2023-12-23 21:00:00,292.11,86,scattered clouds
Vijayawada,2023-12-24 00:00:00,291.49,88,few clouds
Vijayawada,2023-12-24 03:00:00,295.26,74,clear sky
Vijayawada,2023-12-24 06:00:00,300.53,51,few clouds
Vijayawada,2023-12-24 09:00:00,302.77,40,scattered clouds
Vijayawada,2023-12-24 12:00:00,298.24,59,scattered clouds
Vijayawada,2023-12-24 15:00:00,294.27,82,clear sky
Vijayawada,2023-12-24 18:00:00,292.92,88,few clouds
Vijayawada,2023-12-24 21:00:00,291.98,88,overcast clouds
Vijayawada,2023-12-25 00:00:00,291.56,91,overcast clouds
Vijayawada,2023-12-25 03:00:00,295.42,77,clear sky
Vijayawada,2023-12-25 06:00:00,300.64,53,clear sky
Vijayawada,2023-12-25 09:00:00,302.7,43,few clouds
Vijayawada,2023-12-25 12:00:00,298.82,57,few clouds
Vijayawada,2023-12-25 15:00:00,294.52,82,clear sky
Vijayawada,2023-12-25 18:00:00,293.23,90,clear sky
Vijayawada,2023-12-25 21:00:00,292.29,92,clear sky
Vijayawada,2023-12-26 00:00:00,291.68,91,scattered clouds
Vijayawada,2023-12-26 03:00:00,295.49,76,clear sky
Vijayawada,2023-12-26 06:00:00,300.84,55,clear sky
Vijayawada,2023-12-26 09:00:00,302.97,45,clear sky
Vijayawada,2023-12-26 12:00:00,299.2,58,clear sky
Madurai,2023-12-21 15:00:00,298.16,88,scattered clouds
Madurai,2023-12-21 18:00:00,297.44,87,scattered clouds
Madurai,2023-12-21 21:00:00,296.15,90,broken clouds
Madurai,2023-12-22 00:00:00,294.55,87,broken clouds
Madurai,2023-12-22 03:00:00,296.74,77,overcast clouds
Madurai,2023-12-22 06:00:00,300.12,64,overcast clouds
Madurai,2023-12-22 09:00:00,300.3,65,overcast clouds
Madurai,2023-12-22 12:00:00,297.67,78,overcast clouds
Madurai,2023-12-22 15:00:00,296.12,80,overcast clouds
Madurai,2023-12-22 18:00:00,295.06,85,overcast clouds
Madurai,2023-12-22 21:00:00,294.41,88,overcast clouds
Madurai,2023-12-23 00:00:00,293.56,90,overcast clouds
Madurai,2023-12-23 03:00:00,296.0,78,overcast clouds
Madurai,2023-12-23 06:00:00,299.84,59,overcast clouds
Madurai,2023-12-23 09:00:00,301.24,52,broken clouds
Madurai,2023-12-23 12:00:00,298.47,68,broken clouds
Madurai,2023-12-23 15:00:00,295.71,72,few clouds
Madurai,2023-12-23 18:00:00,294.25,80,scattered clouds
Madurai,2023-12-23 21:00:00,293.37,83,broken clouds
Madurai,2023-12-24 00:00:00,292.89,85,scattered clouds
Madurai,2023-12-24 03:00:00,296.13,73,overcast clouds
Madurai,2023-12-24 06:00:00,300.39,56,overcast clouds
Madurai,2023-12-24 09:00:00,301.92,58,overcast clouds
Madurai,2023-12-24 12:00:00,300.05,71,overcast clouds
Madurai,2023-12-24 15:00:00,297.9,78,overcast clouds
Madurai,2023-12-24 18:00:00,296.63,86,overcast clouds
Madurai,2023-12-24 21:00:00,296.37,87,overcast clouds
Madurai,2023-12-25 00:00:00,296.65,83,overcast clouds
Madurai,2023-12-25 03:00:00,298.73,76,overcast clouds
Madurai,2023-12-25 06:00:00,302.02,63,overcast clouds
Madurai,2023-12-25 09:00:00,302.51,61,light rain
Madurai,2023-12-25 12:00:00,299.98,75,light rain
Madurai,2023-12-25 15:00:00,297.7,84,scattered clouds
Madurai,2023-12-25 18:00:00,296.71,88,broken clouds
Madurai,2023-12-25 21:00:00,296.05,91,broken clouds
Madurai,2023-12-26 00:00:00,295.49,90,broken clouds
Madurai,2023-12-26 03:00:00,297.9,77,broken clouds
Madurai,2023-12-26 06:00:00,301.43,65,broken clouds
Madurai,2023-12-26 09:00:00,301.15,67,light rain
Madurai,2023-12-26 12:00:00,298.47,82,light rain
Meerut,2023-12-21 15:00:00,288.77,20,scattered clouds
Meerut,2023-12-21 18:00:00,288.28,21,scattered clouds
Meerut,2023-12-21 21:00:00,287.0,22,scattered clouds
Meerut,2023-12-22 00:00:00,284.97,25,scattered clouds
Meerut,2023-12-22 03:00:00,286.64,26,clear sky
Meerut,2023-12-22 06:00:00,294.08,17,few clouds
Meerut,2023-12-22 09:00:00,296.35,14,overcast clouds
Meerut,2023-12-22 12:00:00,291.79,18,overcast clouds
Meerut,2023-12-22 15:00:00,289.48,21,overcast clouds
Meerut,2023-12-22 18:00:00,288.3,22,overcast clouds
Meerut,2023-12-22 21:00:00,286.81,25,clear sky
Meerut,2023-12-23 00:00:00,286.06,35,clear sky
Meerut,2023-12-23 03:00:00,288.42,34,broken clouds
Meerut,2023-12-23 06:00:00,294.2,27,broken clouds
Meerut,2023-12-23 09:00:00,297.1,23,scattered clouds
Meerut,2023-12-23 12:00:00,292.95,29,scattered clouds
Meerut,2023-12-23 15:00:00,290.9,33,clear sky
Meerut,2023-12-23 18:00:00,289.42,35,clear sky
Meerut,2023-12-23 21:00:00,288.22,38,clear sky
Meerut,2023-12-24 00:00:00,287.18,40,clear sky
Meerut,2023-12-24 03:00:00,289.05,38,clear sky
Meerut,2023-12-24 06:00:00,295.56,24,clear sky
Meerut,2023-12-24 09:00:00,298.75,19,clear sky
Meerut,2023-12-24 12:00:00,294.29,26,clear sky
Meerut,2023-12-24 15:00:00,291.65,32,clear sky
Meerut,2023-12-24 18:00:00,289.82,40,clear sky
Meerut,2023-12-24 21:00:00,288.35,43,clear sky
Meerut,2023-12-25 00:00:00,287.14,45,clear sky
Meerut,2023-12-25 03:00:00,288.37,44,clear sky
Meerut,2023-12-25 06:00:00,295.93,26,clear sky
Meerut,2023-12-25 09:00:00,299.15,19,clear sky
Meerut,2023-12-25 12:00:00,294.46,25,clear sky
Meerut,2023-12-25 15:00:00,291.72,28,clear sky
Meerut,2023-12-25 18:00:00,289.53,31,clear sky
Meerut,2023-12-25 21:00:00,288.25,33,clear sky
Meerut,2023-12-26 00:00:00,287.49,34,scattered clouds
Meerut,2023-12-26 03:00:00,288.84,33,broken clouds
Meerut,2023-12-26 06:00:00,295.52,23,scattered clouds
Meerut,2023-12-26 09:00:00,298.51,18,clear sky
Meerut,2023-12-26 12:00:00,294.2,24,few clouds
Rajkot,2023-12-21 15:00:00,297.29,19,overcast clouds
Rajkot,2023-12-21 18:00:00,296.81,20,overcast clouds
Rajkot,2023-12-21 21:00:00,295.66,23,overcast clouds
Rajkot,2023-12-22 00:00:00,294.05,24,overcast clouds
Rajkot,2023-12-22 03:00:00,294.9,24,overcast clouds
Rajkot,2023-12-22 06:00:00,299.42,17,overcast clouds
Rajkot,2023-12-22 09:00:00,302.88,13,broken clouds
Rajkot,2023-12-22 12:00:00,302.62,15,scattered clouds
Rajkot,2023-12-22 15:00:00,298.65,20,scattered clouds
Rajkot,2023-12-22 18:00:00,296.74,24,few clouds
Rajkot,2023-12-22 21:00:00,295.47,25,clear sky
Rajkot,2023-12-23 00:00:00,294.17,29,clear sky
Rajkot,2023-12-23 03:00:00,295.71,28,few clouds
Rajkot,2023-12-23 06:00:00,301.5,19,clear sky
Rajkot,2023-12-23 09:00:00,304.07,16,clear sky
Rajkot,2023-12-23 12:00:00,303.01,18,clear sky
Rajkot,2023-12-23 15:00:00,298.41,22,clear sky
Rajkot,2023-12-23 18:00:00,296.66,25,clear sky
Rajkot,2023-12-23 21:00:00,295.47,32,clear sky
Rajkot,2023-12-24 00:00:00,294.51,32,clear sky
Rajkot,2023-12-24 03:00:00,295.21,29,clear sky
Rajkot,2023-12-24 06:00:00,302.01,18,clear sky
Rajkot,2023-12-24 09:00:00,304.86,16,clear sky
Rajkot,2023-12-24 12:00:00,303.72,18,clear sky
Rajkot,2023-12-24 15:00:00,298.84,24,clear sky
Rajkot,2023-12-24 18:00:00,296.91,28,clear sky
Rajkot,2023-12-24 21:00:00,295.58,36,clear sky
Rajkot,2023-12-25 00:00:00,294.68,34,clear sky
Rajkot,2023-12-25 03:00:00,295.32,31,clear sky
Rajkot,2023-12-25 06:00:00,302.12,19,clear sky
Rajkot,2023-12-25 09:00:00,304.9,16,clear sky
Rajkot,2023-12-25 12:00:00,303.86,18,clear sky
Rajkot,2023-12-25 15:00:00,298.91,25,clear sky
Rajkot,2023-12-25 18:00:00,296.95,27,clear sky
Rajkot,2023-12-25 21:00:00,295.44,31,clear sky
Rajkot,2023-12-26 00:00:00,294.54,36,clear sky
Rajkot,2023-12-26 03:00:00,295.91,34,clear sky
Rajkot,2023-12-26 06:00:00,301.82,22,clear sky
Rajkot,2023-12-26 09:00:00,304.46,17,clear sky
Rajkot,2023-12-26 12:00:00,303.88,18,clear sky
Jabalpur,2023-12-21 15:00:00,288.62,72,broken clouds
Jabalpur,2023-12-21 18:00:00,288.35,59,broken clouds
Jabalpur,2023-12-21 21:00:00,286.86,47,broken clouds
Jabalpur,2023-12-22 00:00:00,285.59,34,broken clouds
Jabalpur,2023-12-22 03:00:00,288.66,33,overcast clouds
Jabalpur,2023-12-22 06:00:00,294.98,23,overcast clouds
Jabalpur,2023-12-22 09:00:00,297.21,21,overcast clouds
Jabalpur,2023-12-22 12:00:00,292.39,31,overcast clouds
Jabalpur,2023-12-22 15:00:00,291.43,30,overcast clouds
Jabalpur,2023-12-22 18:00:00,289.62,32,overcast clouds
Jabalpur,2023-12-22 21:00:00,289.08,32,overcast clouds
Jabalpur,2023-12-23 00:00:00,287.74,36,overcast clouds
Jabalpur,2023-12-23 03:00:00,289.45,38,overcast clouds
Jabalpur,2023-12-23 06:00:00,296.02,25,overcast clouds
Jabalpur,2023-12-23 09:00:00,298.86,20,overcast clouds
Jabalpur,2023-12-23 12:00:00,293.34,31,broken clouds
Jabalpur,2023-12-23 15:00:00,290.13,35,scattered clouds
Jabalpur,2023-12-23 18:00:00,288.4,37,few clouds
Jabalpur,2023-12-23 21:00:00,287.07,39,clear sky
Jabalpur,2023-12-24 00:00:00,285.85,42,clear sky
Jabalpur,2023-12-24 03:00:00,289.51,39,clear sky
Jabalpur,2023-12-24 06:00:00,296.81,26,clear sky
Jabalpur,2023-12-24 09:00:00,299.43,22,clear sky
Jabalpur,2023-12-24 12:00:00,293.66,34,clear sky
Jabalpur,2023-12-24 15:00:00,290.64,36,clear sky
Jabalpur,2023-12-24 18:00:00,288.81,38,clear sky
Jabalpur,2023-12-24 21:00:00,287.31,41,clear sky
Jabalpur,2023-12-25 00:00:00,286.01,46,clear sky
Jabalpur,2023-12-25 03:00:00,289.83,40,clear sky
Jabalpur,2023-12-25 06:00:00,297.26,27,clear sky
Jabalpur,2023-12-25 09:00:00,299.66,22,clear sky
Jabalpur,2023-12-25 12:00:00,293.92,34,clear sky
Jabalpur,2023-12-25 15:00:00,290.75,39,clear sky
Jabalpur,2023-12-25 18:00:00,289.17,42,clear sky
Jabalpur,2023-12-25 21:00:00,287.85,45,clear sky
Jabalpur,2023-12-26 00:00:00,286.73,49,clear sky
Jabalpur,2023-12-26 03:00:00,290.55,44,clear sky
Jabalpur,2023-12-26 06:00:00,297.61,30,clear sky
Jabalpur,2023-12-26 09:00:00,299.84,25,clear sky
Jabalpur,2023-12-26 12:00:00,294.31,36,clear sky
Srinagar,2023-12-21 15:00:00,279.93,27,few clouds
Srinagar,2023-12-21 18:00:00,279.46,26,few clouds
Srinagar,2023-12-21 21:00:00,278.56,27,broken clouds
Srinagar,2023-12-22 00:00:00,276.91,29,overcast clouds
Srinagar,2023-12-22 03:00:00,277.78,30,overcast clouds
Srinagar,2023-12-22 06:00:00,282.97,22,overcast clouds
Srinagar,2023-12-22 09:00:00,285.73,18,overcast clouds
Srinagar,2023-12-22 12:00:00,281.61,26,overcast clouds
Srinagar,2023-12-22 15:00:00,280.69,27,overcast clouds
Srinagar,2023-12-22 18:00:00,280.45,28,overcast clouds
Srinagar,2023-12-22 21:00:00,280.13,29,overcast clouds
Srinagar,2023-12-23 00:00:00,279.42,35,overcast clouds
Srinagar,2023-12-23 03:00:00,279.78,38,overcast clouds
Srinagar,2023-12-23 06:00:00,281.46,41,light rain
Srinagar,2023-12-23 09:00:00,283.73,43,light rain
Srinagar,2023-12-23 12:00:00,280.8,54,broken clouds
Srinagar,2023-12-23 15:00:00,279.47,59,clear sky
Srinagar,2023-12-23 18:00:00,278.45,59,clear sky
Srinagar,2023-12-23 21:00:00,277.41,59,clear sky
Srinagar,2023-12-24 00:00:00,276.33,61,clear sky
Srinagar,2023-12-24 03:00:00,277.43,56,clear sky
Srinagar,2023-12-24 06:00:00,282.55,41,scattered clouds
Srinagar,2023-12-24 09:00:00,285.02,35,overcast clouds
Srinagar,2023-12-24 12:00:00,282.87,41,overcast clouds
Srinagar,2023-12-24 15:00:00,281.58,46,overcast clouds
Srinagar,2023-12-24 18:00:00,279.69,51,overcast clouds
Srinagar,2023-12-24 21:00:00,278.33,53,scattered clouds
Srinagar,2023-12-25 00:00:00,277.28,54,few clouds
Srinagar,2023-12-25 03:00:00,278.24,51,clear sky
Srinagar,2023-12-25 06:00:00,284.24,35,clear sky
Srinagar,2023-12-25 09:00:00,287.55,28,clear sky
Srinagar,2023-12-25 12:00:00,283.32,37,clear sky
Srinagar,2023-12-25 15:00:00,281.48,40,clear sky
Srinagar,2023-12-25 18:00:00,280.17,41,clear sky
Srinagar,2023-12-25 21:00:00,278.88,42,clear sky
Srinagar,2023-12-26 00:00:00,277.63,45,clear sky
Srinagar,2023-12-26 03:00:00,278.48,43,broken clouds
Srinagar,2023-12-26 06:00:00,284.07,30,broken clouds
Srinagar,2023-12-26 09:00:00,286.55,25,overcast clouds
Srinagar,2023-12-26 12:00:00,283.35,33,overcast clouds
Allahabad,2023-12-21 15:00:00,288.78,32,overcast clouds
Allahabad,2023-12-21 18:00:00,288.15,34,broken clouds
Allahabad,2023-12-21 21:00:00,286.67,38,broken clouds
Allahabad,2023-12-22 00:00:00,284.48,42,broken clouds
Allahabad,2023-12-22 03:00:00,287.9,36,overcast clouds
Allahabad,2023-12-22 06:00:00,293.87,25,overcast clouds
Allahabad,2023-12-22 09:00:00,295.53,21,overcast clouds
Allahabad,2023-12-22 12:00:00,292.42,27,overcast clouds
Allahabad,2023-12-22 15:00:00,291.16,29,overcast clouds
Allahabad,2023-12-22 18:00:00,289.94,31,overcast clouds
Allahabad,2023-12-22 21:00:00,289.14,32,overcast clouds
Allahabad,2023-12-23 00:00:00,288.17,35,overcast clouds
Allahabad,2023-12-23 03:00:00,290.4,34,overcast clouds
Allahabad,2023-12-23 06:00:00,296.33,23,broken clouds
Allahabad,2023-12-23 09:00:00,298.61,20,clear sky
Allahabad,2023-12-23 12:00:00,293.89,28,clear sky
Allahabad,2023-12-23 15:00:00,291.58,32,clear sky
Allahabad,2023-12-23 18:00:00,290.16,35,clear sky
Allahabad,2023-12-23 21:00:00,288.93,38,few clouds
Allahabad,2023-12-24 00:00:00,287.58,41,clear sky
Allahabad,2023-12-24 03:00:00,290.93,37,clear sky
Allahabad,2023-12-24 06:00:00,297.25,28,clear sky
Allahabad,2023-12-24 09:00:00,299.36,25,clear sky
Allahabad,2023-12-24 12:00:00,294.68,33,clear sky
Allahabad,2023-12-24 15:00:00,292.2,39,clear sky
Allahabad,2023-12-24 18:00:00,290.59,45,scattered clouds
Allahabad,2023-12-24 21:00:00,289.25,49,few clouds
Allahabad,2023-12-25 00:00:00,288.03,53,clear sky
Allahabad,2023-12-25 03:00:00,291.13,46,clear sky
Allahabad,2023-12-25 06:00:00,297.4,32,clear sky
Allahabad,2023-12-25 09:00:00,299.57,27,clear sky
Allahabad,2023-12-25 12:00:00,294.82,36,clear sky
Allahabad,2023-12-25 15:00:00,292.17,42,clear sky
Allahabad,2023-12-25 18:00:00,290.51,47,clear sky
Allahabad,2023-12-25 21:00:00,289.01,52,clear sky
Allahabad,2023-12-26 00:00:00,288.0,56,clear sky
Allahabad,2023-12-26 03:00:00,291.15,48,clear sky
Allahabad,2023-12-26 06:00:00,297.53,32,clear sky
Allahabad,2023-12-26 09:00:00,299.55,26,clear sky
Allahabad,2023-12-26 12:00:00,294.81,34,clear sky
Howrah,2023-12-21 15:00:00,293.15,73,few clouds
Howrah,2023-12-21 18:00:00,292.95,65,few clouds
Howrah,2023-12-21 21:00:00,291.84,61,scattered clouds
Howrah,2023-12-22 00:00:00,290.29,57,scattered clouds
Howrah,2023-12-22 03:00:00,294.23,46,scattered clouds
Howrah,2023-12-22 06:00:00,298.72,36,scattered clouds
Howrah,2023-12-22 09:00:00,300.2,31,broken clouds
Howrah,2023-12-22 12:00:00,296.98,39,scattered clouds
Howrah,2023-12-22 15:00:00,295.19,44,scattered clouds
Howrah,2023-12-22 18:00:00,293.69,50,scattered clouds
Howrah,2023-12-22 21:00:00,292.42,57,clear sky
Howrah,2023-12-23 00:00:00,291.69,64,scattered clouds
Howrah,2023-12-23 03:00:00,295.48,53,broken clouds
Howrah,2023-12-23 06:00:00,299.69,40,broken clouds
Howrah,2023-12-23 09:00:00,301.16,35,broken clouds
Howrah,2023-12-23 12:00:00,298.24,42,broken clouds
Howrah,2023-12-23 15:00:00,296.08,48,overcast clouds
Howrah,2023-12-23 18:00:00,294.55,55,overcast clouds
Howrah,2023-12-23 21:00:00,293.15,62,broken clouds
Howrah,2023-12-24 00:00:00,292.1,67,scattered clouds
Howrah,2023-12-24 03:00:00,295.59,55,broken clouds
Howrah,2023-12-24 06:00:00,299.95,40,scattered clouds
Howrah,2023-12-24 09:00:00,301.73,33,clear sky
Howrah,2023-12-24 12:00:00,298.53,41,clear sky
Howrah,2023-12-24 15:00:00,296.44,48,clear sky
Howrah,2023-12-24 18:00:00,294.92,52,clear sky
Howrah,2023-12-24 21:00:00,293.64,57,clear sky
Howrah,2023-12-25 00:00:00,292.44,61,clear sky
Howrah,2023-12-25 03:00:00,296.06,49,clear sky
Howrah,2023-12-25 06:00:00,300.49,35,clear sky
Howrah,2023-12-25 09:00:00,301.97,29,clear sky
Howrah,2023-12-25 12:00:00,298.34,36,clear sky
Howrah,2023-12-25 15:00:00,296.32,41,clear sky
Howrah,2023-12-25 18:00:00,294.85,46,clear sky
Howrah,2023-12-25 21:00:00,293.44,50,clear sky
Howrah,2023-12-26 00:00:00,292.22,55,clear sky
Howrah,2023-12-26 03:00:00,296.04,47,clear sky
Howrah,2023-12-26 06:00:00,300.62,33,clear sky
Howrah,2023-12-26 09:00:00,301.76,26,clear sky
Howrah,2023-12-26 12:00:00,298.01,34,clear sky
Dhanbad,2023-12-21 15:00:00,292.17,40,few clouds
Dhanbad,2023-12-21 18:00:00,291.57,42,few clouds
Dhanbad,2023-12-21 21:00:00,290.14,45,few clouds
Dhanbad,2023-12-22 00:00:00,288.24,48,scattered clouds
Dhanbad,2023-12-22 03:00:00,291.83,39,few clouds
Dhanbad,2023-12-22 06:00:00,296.41,30,few clouds
Dhanbad,2023-12-22 09:00:00,298.05,28,few clouds
Dhanbad,2023-12-22 12:00:00,295.18,35,few clouds
Dhanbad,2023-12-22 15:00:00,293.15,41,few clouds
Dhanbad,2023-12-22 18:00:00,291.57,46,scattered clouds
Dhanbad,2023-12-22 21:00:00,290.59,49,overcast clouds
Dhanbad,2023-12-23 00:00:00,290.27,51,overcast clouds
Dhanbad,2023-12-23 03:00:00,293.03,45,overcast clouds
Dhanbad,2023-12-23 06:00:00,297.17,38,overcast clouds
Dhanbad,2023-12-23 09:00:00,298.48,34,overcast clouds
Dhanbad,2023-12-23 12:00:00,295.78,40,overcast clouds
Dhanbad,2023-12-23 15:00:00,293.61,47,overcast clouds
Dhanbad,2023-12-23 18:00:00,291.9,55,overcast clouds
Dhanbad,2023-12-23 21:00:00,290.57,63,broken clouds
Dhanbad,2023-12-24 00:00:00,289.66,66,broken clouds
Dhanbad,2023-12-24 03:00:00,292.91,55,clear sky
Dhanbad,2023-12-24 06:00:00,297.38,38,clear sky
Dhanbad,2023-12-24 09:00:00,299.48,30,clear sky
Dhanbad,2023-12-24 12:00:00,296.6,37,clear sky
Dhanbad,2023-12-24 15:00:00,294.36,44,clear sky
Dhanbad,2023-12-24 18:00:00,292.42,51,clear sky
Dhanbad,2023-12-24 21:00:00,291.18,55,clear sky
Dhanbad,2023-12-25 00:00:00,290.17,59,clear sky
Dhanbad,2023-12-25 03:00:00,293.71,48,clear sky
Dhanbad,2023-12-25 06:00:00,298.18,34,clear sky
Dhanbad,2023-12-25 09:00:00,299.85,29,clear sky
Dhanbad,2023-12-25 12:00:00,296.45,37,clear sky
Dhanbad,2023-12-25 15:00:00,293.99,44,clear sky
Dhanbad,2023-12-25 18:00:00,292.43,50,clear sky
Dhanbad,2023-12-25 21:00:00,291.14,54,clear sky
Dhanbad,2023-12-26 00:00:00,290.06,57,clear sky
Dhanbad,2023-12-26 03:00:00,293.54,46,clear sky
Dhanbad,2023-12-26 06:00:00,297.92,33,clear sky
Dhanbad,2023-12-26 09:00:00,299.54,26,clear sky
Dhanbad,2023-12-26 12:00:00,296.42,32,clear sky
Ranchi,2023-12-21 15:00:00,287.21,67,few clouds
Ranchi,2023-12-21 18:00:00,286.9,58,few clouds
Ranchi,2023-12-21 21:00:00,286.06,52,scattered clouds
Ranchi,2023-12-22 00:00:00,284.87,45,scattered clouds
Ranchi,2023-12-22 03:00:00,289.5,36,few clouds
Ranchi,2023-12-22 06:00:00,294.73,26,few clouds
Ranchi,2023-12-22 09:00:00,296.22,23,few clouds
Ranchi,2023-12-22 12:00:00,291.02,35,few clouds
Ranchi,2023-12-22 15:00:00,289.3,39,broken clouds
Ranchi,2023-12-22 18:00:00,288.12,42,broken clouds
Ranchi,2023-12-22 21:00:00,287.07,45,broken clouds
Ranchi,2023-12-23 00:00:00,286.42,48,broken clouds
Ranchi,2023-12-23 03:00:00,290.87,43,overcast clouds
Ranchi,2023-12-23 06:00:00,295.43,33,overcast clouds
Ranchi,2023-12-23 09:00:00,296.47,30,overcast clouds
Ranchi,2023-12-23 12:00:00,291.44,44,overcast clouds
Ranchi,2023-12-23 15:00:00,289.78,48,broken clouds
Ranchi,2023-12-23 18:00:00,288.7,51,broken clouds
Ranchi,2023-12-23 21:00:00,287.51,54,broken clouds
Ranchi,2023-12-24 00:00:00,286.57,58,scattered clouds
Ranchi,2023-12-24 03:00:00,291.05,48,clear sky
Ranchi,2023-12-24 06:00:00,296.35,35,clear sky
Ranchi,2023-12-24 09:00:00,297.96,28,clear sky
Ranchi,2023-12-24 12:00:00,292.96,39,clear sky
Ranchi,2023-12-24 15:00:00,290.45,46,clear sky
Ranchi,2023-12-24 18:00:00,288.62,55,clear sky
Ranchi,2023-12-24 21:00:00,287.74,57,clear sky
Ranchi,2023-12-25 00:00:00,286.9,59,clear sky
Ranchi,2023-12-25 03:00:00,291.39,46,clear sky
Ranchi,2023-12-25 06:00:00,296.4,30,clear sky
Ranchi,2023-12-25 09:00:00,297.79,27,clear sky
Ranchi,2023-12-25 12:00:00,292.68,40,clear sky
Ranchi,2023-12-25 15:00:00,289.95,51,clear sky
Ranchi,2023-12-25 18:00:00,288.55,56,clear sky
Ranchi,2023-12-25 21:00:00,287.49,59,clear sky
Ranchi,2023-12-26 00:00:00,286.65,61,clear sky
Ranchi,2023-12-26 03:00:00,291.24,48,clear sky
Ranchi,2023-12-26 06:00:00,295.99,30,clear sky
Ranchi,2023-12-26 09:00:00,297.15,25,clear sky
Ranchi,2023-12-26 12:00:00,292.24,35,clear sky
Gwalior,2023-12-21 15:00:00,288.01,72,broken clouds
Gwalior,2023-12-21 18:00:00,287.81,60,broken clouds
Gwalior,2023-12-21 21:00:00,287.4,48,overcast clouds
Gwalior,2023-12-22 00:00:00,285.44,39,overcast clouds
Gwalior,2023-12-22 03:00:00,287.57,35,overcast clouds
Gwalior,2023-12-22 06:00:00,292.05,24,overcast clouds
Gwalior,2023-12-22 09:00:00,294.81,21,overcast clouds
Gwalior,2023-12-22 12:00:00,290.49,30,overcast clouds
Gwalior,2023-12-22 15:00:00,288.85,32,overcast clouds
Gwalior,2023-12-22 18:00:00,287.56,33,overcast clouds
Gwalior,2023-12-22 21:00:00,286.23,35,broken clouds
Gwalior,2023-12-23 00:00:00,285.31,37,scattered clouds
Gwalior,2023-12-23 03:00:00,287.79,37,clear sky
Gwalior,2023-12-23 06:00:00,294.48,25,clear sky
Gwalior,2023-12-23 09:00:00,297.08,23,clear sky
Gwalior,2023-12-23 12:00:00,291.47,37,few clouds
Gwalior,2023-12-23 15:00:00,289.14,41,clear sky
Gwalior,2023-12-23 18:00:00,287.85,44,clear sky
Gwalior,2023-12-23 21:00:00,286.7,47,clear sky
Gwalior,2023-12-24 00:00:00,285.74,50,clear sky
Gwalior,2023-12-24 03:00:00,288.63,45,clear sky
Gwalior,2023-12-24 06:00:00,294.96,32,clear sky
Gwalior,2023-12-24 09:00:00,297.71,26,few clouds
Gwalior,2023-12-24 12:00:00,292.89,40,scattered clouds
Gwalior,2023-12-24 15:00:00,290.95,44,overcast clouds
Gwalior,2023-12-24 18:00:00,289.52,48,scattered clouds
Gwalior,2023-12-24 21:00:00,288.32,52,clear sky
Gwalior,2023-12-25 00:00:00,287.78,53,scattered clouds
Gwalior,2023-12-25 03:00:00,290.25,48,clear sky
Gwalior,2023-12-25 06:00:00,296.38,33,clear sky
Gwalior,2023-12-25 09:00:00,298.84,27,clear sky
Gwalior,2023-12-25 12:00:00,293.75,38,clear sky
Gwalior,2023-12-25 15:00:00,291.4,41,clear sky
Gwalior,2023-12-25 18:00:00,290.24,43,clear sky
Gwalior,2023-12-25 21:00:00,289.23,45,clear sky
Gwalior,2023-12-26 00:00:00,288.35,47,clear sky
Gwalior,2023-12-26 03:00:00,291.01,43,clear sky
Gwalior,2023-12-26 06:00:00,296.94,30,clear sky
Gwalior,2023-12-26 09:00:00,299.25,26,clear sky
Gwalior,2023-12-26 12:00:00,294.33,38,clear sky
Jodhpur,2023-12-21 15:00:00,292.95,17,overcast clouds
Jodhpur,2023-12-21 18:00:00,292.31,18,overcast clouds
Jodhpur,2023-12-21 21:00:00,290.7,20,scattered clouds
Jodhpur,2023-12-22 00:00:00,288.69,25,few clouds
Jodhpur,2023-12-22 03:00:00,289.37,27,scattered clouds
Jodhpur,2023-12-22 06:00:00,296.28,17,broken clouds
Jodhpur,2023-12-22 09:00:00,299.86,12,overcast clouds
Jodhpur,2023-12-22 12:00:00,297.17,17,overcast clouds
Jodhpur,2023-12-22 15:00:00,292.81,23,broken clouds
Jodhpur,2023-12-22 18:00:00,292.55,23,scattered clouds
Jodhpur,2023-12-22 21:00:00,291.28,26,broken clouds
Jodhpur,2023-12-23 00:00:00,289.8,28,scattered clouds
Jodhpur,2023-12-23 03:00:00,290.36,29,clear sky
Jodhpur,2023-12-23 06:00:00,297.37,18,clear sky
Jodhpur,2023-12-23 09:00:00,300.38,14,clear sky
Jodhpur,2023-12-23 12:00:00,297.46,19,clear sky
Jodhpur,2023-12-23 15:00:00,294.75,22,clear sky
Jodhpur,2023-12-23 18:00:00,292.35,27,clear sky
Jodhpur,2023-12-23 21:00:00,290.87,29,clear sky
Jodhpur,2023-12-24 00:00:00,289.3,31,clear sky
Jodhpur,2023-12-24 03:00:00,289.86,32,few clouds
Jodhpur,2023-12-24 06:00:00,297.52,18,scattered clouds
Jodhpur,2023-12-24 09:00:00,300.6,14,broken clouds
Jodhpur,2023-12-24 12:00:00,297.87,18,scattered clouds
Jodhpur,2023-12-24 15:00:00,294.49,21,few clouds
Jodhpur,2023-12-24 18:00:00,292.37,22,few clouds
Jodhpur,2023-12-24 21:00:00,290.72,25,few clouds
Jodhpur,2023-12-25 00:00:00,289.65,27,few clouds
Jodhpur,2023-12-25 03:00:00,290.49,28,clear sky
Jodhpur,2023-12-25 06:00:00,297.57,19,clear sky
Jodhpur,2023-12-25 09:00:00,300.46,14,clear sky
Jodhpur,2023-12-25 12:00:00,297.56,19,clear sky
Jodhpur,2023-12-25 15:00:00,294.99,20,clear sky
Jodhpur,2023-12-25 18:00:00,292.96,23,clear sky
Jodhpur,2023-12-25 21:00:00,291.19,26,clear sky
Jodhpur,2023-12-26 00:00:00,290.39,26,clear sky
Jodhpur,2023-12-26 03:00:00,291.05,28,clear sky
Jodhpur,2023-12-26 06:00:00,298.02,20,clear sky
Jodhpur,2023-12-26 09:00:00,301.02,16,clear sky
Jodhpur,2023-12-26 12:00:00,297.65,23,clear sky
Raipur,2023-12-21 15:00:00,290.23,67,overcast clouds
Raipur,2023-12-21 18:00:00,290.25,55,broken clouds
Raipur,2023-12-21 21:00:00,289.45,45,scattered clouds
Raipur,2023-12-22 00:00:00,287.71,37,scattered clouds
Raipur,2023-12-22 03:00:00,290.89,33,overcast clouds
Raipur,2023-12-22 06:00:00,296.97,24,overcast clouds
Raipur,2023-12-22 09:00:00,299.3,21,overcast clouds
Raipur,2023-12-22 12:00:00,295.3,27,broken clouds
Raipur,2023-12-22 15:00:00,293.14,30,scattered clouds
Raipur,2023-12-22 18:00:00,292.36,32,broken clouds
Raipur,2023-12-22 21:00:00,290.89,36,overcast clouds
Raipur,2023-12-23 00:00:00,290.95,35,overcast clouds
Raipur,2023-12-23 03:00:00,293.08,34,overcast clouds
Raipur,2023-12-23 06:00:00,298.5,25,overcast clouds
Raipur,2023-12-23 09:00:00,300.68,21,broken clouds
Raipur,2023-12-23 12:00:00,296.46,29,overcast clouds
Raipur,2023-12-23 15:00:00,293.44,36,clear sky
Raipur,2023-12-23 18:00:00,291.78,42,clear sky
Raipur,2023-12-23 21:00:00,290.32,46,broken clouds
Raipur,2023-12-24 00:00:00,289.11,49,broken clouds
Raipur,2023-12-24 03:00:00,292.2,42,scattered clouds
Raipur,2023-12-24 06:00:00,298.72,29,broken clouds
Raipur,2023-12-24 09:00:00,301.34,23,few clouds
Raipur,2023-12-24 12:00:00,296.8,30,few clouds
Raipur,2023-12-24 15:00:00,294.24,33,scattered clouds
Raipur,2023-12-24 18:00:00,292.2,40,few clouds
Raipur,2023-12-24 21:00:00,290.57,46,few clouds
Raipur,2023-12-25 00:00:00,289.14,47,scattered clouds
Raipur,2023-12-25 03:00:00,292.49,39,clear sky
Raipur,2023-12-25 06:00:00,299.18,28,clear sky
Raipur,2023-12-25 09:00:00,301.74,23,clear sky
Raipur,2023-12-25 12:00:00,297.25,30,clear sky
Raipur,2023-12-25 15:00:00,294.66,34,clear sky
Raipur,2023-12-25 18:00:00,293.02,37,clear sky
Raipur,2023-12-25 21:00:00,290.66,43,clear sky
Raipur,2023-12-26 00:00:00,289.33,45,clear sky
Raipur,2023-12-26 03:00:00,292.75,38,clear sky
Raipur,2023-12-26 06:00:00,299.08,27,clear sky
Raipur,2023-12-26 09:00:00,301.43,23,clear sky
Raipur,2023-12-26 12:00:00,297.13,30,clear sky
